"Bigwood Syst Inc, Ithaca, NY 14850 USA;",,
"CHESS, Ithaca, NY 14853 USA;",,
"Cornell Cooperat Extens Assoc Tompkins Cty, Ithaca, NY 14850 USA;",,
"Cornell Ctr Sustainable Future, Ithaca, NY USA",,
"Cornell NanoScale Sci & Technol Facil, Ithaca, NY 14853 USA;",,
"Cornell Nanoscale Sci, Kavli Inst, Ithaca, NY 14853 USA",,
"Cornell Nanoscale Sci, Kavli Inst, Ithaca, NY 14853 USA;",,
"Cornell Nanoscale Sci, Sch Appl & Engn Phys, Ithaca, NY 14853 USA",Applied and Engineering Physics,COLLEGE OF ENGINEERING
"Cornell Theory Ctr, Ithaca, NY USA",Cornell Center for Advanced Computing (CAC),
"Cornell Univ CIT, Ithaca, NY 14850 USA",,
"Cornell Univ, Agr Res Serv, USDA, Ithaca, NY 14853 USA;",,
"Cornell Univ, Appl & Engn Phys, Ithaca, NY 14853 USA",Applied and Engineering Physics,COLLEGE OF ENGINEERING
"Cornell Univ, Appl & Engn Phys, Ithaca, NY USA;",,
"Cornell Univ, Arecibo Observ, NAIC, Arecibo, PR USA",,
"Cornell Univ, Astron, Ithaca, NY 14853 USA",Astronomy,COLLEGE OF ARTS AND SCIENCES
"Cornell Univ, Atkinson Ctr Sustainable Future, Ithaca, NY 14850 USA;",,
"Cornell Univ, Atkinson Ctr Sustainable Future, Ithaca, NY 14853 USA",Atkinson Center for a Sustainable Future,
"Cornell Univ, Atkinson Ctr Sustainable Future, Ithaca, NY 14853 USA;",,
"Cornell Univ, Atkinson Ctr Sustainable Future, Ithaca, NY USA",,
"Cornell Univ, Atom & Solid State Phys Lab, Dept Phys, Ithaca, NY 14853 USA;",Department of Physics,
"Cornell Univ, Atom & Solid State Phys Lab, Ithaca, NY 14853 USA",Department of Physics,
"Cornell Univ, Atom & Solid State Phys Lab, Ithaca, NY 14853 USA;",,
"Cornell Univ, Baker Inst Anim Hlth, Ithaca, NY 14853 USA;",Baker Institute for Animal Health,COLLEGE OF VETERINARY MEDICINE
"Cornell Univ, Baker Lab, Dept Chem & Biol Chem, Ithaca, NY 14853 USA;",Chemistry and Chemical Biology,COLLEGE OF ARTS AND SCIENCES
"Cornell Univ, Baker Lab, Dept Chem & Chem Biol, Ithaca, NY 14853 USA",Chemistry and Chemical Biology,COLLEGE OF ARTS AND SCIENCES
"Cornell Univ, Baker Lab, Dept Chem & Chem Biol, Ithaca, NY 14853 USA;",Chemistry and Chemical Biology,COLLEGE OF ARTS AND SCIENCES
"Cornell Univ, Baker Lab, Ithaca, NY 14853 USA;",Chemistry and Chemical Biology,COLLEGE OF ARTS AND SCIENCES
"Cornell Univ, Biofuels Res Lab, Ithaca, NY 14853 USA;",The Biofuels Research Laboratory,COLLEGE OF AGRICULTURE AND LIFE SCIENCES
"Cornell Univ, Biol & Environm Engn, Ithaca, NY 14853 USA;",Biological and Environmental Engineering,COLLEGE OF ENGINEERING
"Cornell Univ, Biotechnol Resource Ctr, Ithaca, NY 14853 USA;",,
"Cornell Univ, Charles H Dyson Sch Appl Econ & Management, Ithaca, NY 14850 USA",Charles H. Dyson School of Applied Economics and Management,COLLEGE OF AGRICULTURE AND LIFE SCIENCES
"Cornell Univ, Chem & Biomol Engn, Ithaca, NY 14853 USA;",Chemical and Biomolecular Engineering,COLLEGE OF ENGINEERING
"Cornell Univ, Chem & Chem Biol, Ithaca, NY 14853 USA;",Chemistry and Chemical Biology,COLLEGE OF ARTS AND SCIENCES
"Cornell Univ, CHESS, Ithaca, NY 14853 USA",Cornell High Energy Synchrotron Source (CHESS),
"Cornell Univ, CHESS, Ithaca, NY 14853 USA;",Cornell High Energy Synchrotron Source (CHESS),
"Cornell Univ, CHESS, Ithaca, NY USA",Cornell High Energy Synchrotron Source (CHESS),
"Cornell Univ, CHESS, Ithaca, NY USA;",Cornell High Energy Synchrotron Source (CHESS),
"Cornell Univ, Coll Agr & Life Sci, Dept Biol & Environm Engn, Ithaca, NY 14853 USA",Biological and Environmental Engineering,COLLEGE OF AGRICULTURE AND LIFE SCIENCES
"Cornell Univ, Coll Agr & Life Sci, Ithaca, NY 14853 USA;",,COLLEGE OF AGRICULTURE AND LIFE SCIENCES
"Cornell Univ, Coll Engn, Dept Biol & Environm Engn, Ithaca, NY 14853 USA;",Biological and Environmental Engineering,COLLEGE OF ENGINEERING
"Cornell Univ, Coll Engn, Dept Biomed Engn, Ithaca, NY 14853 USA",Biomedical Engineering,COLLEGE OF ENGINEERING
"Cornell Univ, Coll Engn, Dept Biomed Engn, Ithaca, NY 14853 USA;",Biomedical Engineering,COLLEGE OF ENGINEERING
"Cornell Univ, Coll Engn, Dept Biomed Engn, New York, NY 10021 USA;",Biomedical Engineering,COLLEGE OF ENGINEERING
"Cornell Univ, Coll Engn, Dept Biomol Engn, Ithaca, NY USA",Biomedical Engineering,COLLEGE OF ENGINEERING
"Cornell Univ, Coll Engn, Dept Mech & Aerosp Engn, Ithaca, NY 14853 USA",Mechanical and Aerospace Engineering,COLLEGE OF ENGINEERING
"Cornell Univ, Coll Engn, Ithaca, NY 14853 USA",,COLLEGE OF ENGINEERING
"Cornell Univ, Coll Engn, Ithaca, NY 14853 USA;",,COLLEGE OF ENGINEERING
"Cornell Univ, Coll Engn, Meinig Sch Biomed Engn, Ithaca, NY 14850 USA",Biomedical Engineering,COLLEGE OF ENGINEERING
"Cornell Univ, Coll Engn, Sch Chem & Biomol Engn, Ithaca, NY 14853 USA;",Chemical and Biomolecular Engineering,COLLEGE OF ENGINEERING
"Cornell Univ, Coll Engn, Sch Elect & Comp Engn, Ithaca, NY USA",Electrical and Computer Engineering,COLLEGE OF ENGINEERING
"Cornell Univ, Coll Engn, Sch Elect & Comp Engn, Ithaca, NY USA;",,
"Cornell Univ, Coll Engn, Sibley Sch Mech & Aerosp Engn, Ithaca, NY 14850 USA;",mechanical and Aerospace Engineering,COLLEGE OF ENGINEERING
"Cornell Univ, Coll Engn, Sibley Sch Mech & Aerosp Engn, Ithaca, NY 14853 USA;",mechanical and Aerospace Engineering,COLLEGE OF ENGINEERING
"Cornell Univ, Coll Engn, Sibley Sch Mech & Aerosp Engn, New York, NY 10021 USA",mechanical and Aerospace Engineering,COLLEGE OF ENGINEERING
"Cornell Univ, Coll Human Ecol, Dept Fiber Sci & Apparel Design, Ithaca, NY 14853 USA;",Fiber Science and Apparel Design,COLLEGE OF HUMAN ECOLOGY
"Cornell Univ, Coll Human Ecol, Ithaca, NY USA",,COLLEGE OF HUMAN ECOLOGY
"Cornell Univ, Coll Vet Med & Biol Sci, Ithaca, NY USA;",,COLLEGE OF VETERINARY MEDICINE
"Cornell Univ, Coll Vet Med, Baker Inst Anim Hlth, Ithaca, NY 14853 USA;",Baker Institute for Animal Health,COLLEGE OF VETERINARY MEDICINE
"Cornell Univ, Coll Vet Med, Comparat Orthopaed Lab, Ithaca, NY 14853 USA;",Comparative Orthopaedics Lab,COLLEGE OF VETERINARY MEDICINE
"Cornell Univ, Coll Vet Med, Dept Biomed Sci, Ithaca, NY 14853 USA;",Biomedical Sciences,COLLEGE OF VETERINARY MEDICINE
"Cornell Univ, Coll Vet Med, Dept Clin Sci, Cardiol Sect, Ithaca, NY 14853 USA",Clinical Sciences,COLLEGE OF VETERINARY MEDICINE
"Cornell Univ, Coll Vet Med, Dept Clin Sci, Ithaca, NY 14850 USA;",Clinical Sciences,COLLEGE OF VETERINARY MEDICINE
"Cornell Univ, Coll Vet Med, Dept Clin Sci, Ithaca, NY 14853 USA;",Clinical Sciences,COLLEGE OF VETERINARY MEDICINE
"Cornell Univ, Coll Vet Med, Dept Clin Sci, New York, NY 10021 USA;",Clinical Sciences,COLLEGE OF VETERINARY MEDICINE
"Cornell Univ, Coll Vet Med, Dept Mol Med, Ithaca, NY 14853 USA;",Molecular Medicine,COLLEGE OF VETERINARY MEDICINE
"Cornell Univ, Coll Vet Med, Dept Populat Med & Diagnost Sci, Ithaca, NY 14853 USA",Population Medicine and Diagnostic Sciences,COLLEGE OF VETERINARY MEDICINE
"Cornell Univ, Coll Vet Med, Dept Populat Med & Diagnost Sci, Ithaca, NY 14853 USA;",Population Medicine and Diagnostic Sciences,COLLEGE OF VETERINARY MEDICINE
"Cornell Univ, Coll Vet Med, Ithaca, NY 14853 USA",,COLLEGE OF VETERINARY MEDICINE
"Cornell Univ, Coll Vet Med, Ithaca, NY 14853 USA;",,COLLEGE OF VETERINARY MEDICINE
"Cornell Univ, Comp & Informat Sci, Ithaca, NY 14853 USA",,COMPUTING AND INFORMATION SCIENCE
"Cornell Univ, Comp Syst Lab, Ithaca, NY 14853 USA",Computer System Laboratory,
"Cornell Univ, Comp Syst Lab, Ithaca, NY USA;",,
"Cornell Univ, Computat Synth Lab, Ithaca, NY 14853 USA;",mechanical and Aerospace Engineering,COLLEGE OF ENGINEERING
"Cornell Univ, Computat Synth Lab, Sibley Sch Mech & Aerosp Engn, Ithaca, NY 14850 USA;",mechanical and Aerospace Engineering,COLLEGE OF ENGINEERING
"Cornell Univ, Cornell Cardiovasc Magnet Resonance Imaging Lab, Dept Radiol, Weill Med Coll, New York, NY 10021 USA;",,
"Cornell Univ, Cornell Coll Engn, Ithaca, NY 14853 USA;",,COLLEGE OF ENGINEERING
"Cornell Univ, Cornell Computat Syst Lab, Ithaca, NY 14853 USA;",,
"Cornell Univ, Cornell Ctr Mat Res, Ithaca, NY 14853 USA",Cornell Center for Materials Research (CCMR),
"Cornell Univ, Cornell Ctr Mat Res, Ithaca, NY 14853 USA;",Cornell Center for Materials Research (CCMR),
"Cornell Univ, Cornell Energy Inst, Ithaca, NY 14850 USA",Cornell Energy Institute,COLLEGE OF ENGINEERING
"Cornell Univ, Cornell Energy Inst, Ithaca, NY 14850 USA;",Cornell Energy Institute,COLLEGE OF ENGINEERING
"Cornell Univ, Cornell Energy Inst, Ithaca, NY 14853 USA",Cornell Energy Institute,COLLEGE OF ENGINEERING
"Cornell Univ, Cornell Energy Inst, Ithaca, NY 14853 USA;",Cornell Energy Institute,COLLEGE OF ENGINEERING
"Cornell Univ, Cornell Fuel Cell Inst, Baker Lab 204, Ithaca, NY 14853 USA;",Energy Materials Center at Cornell (EMC2),
"Cornell Univ, Cornell Fuel Cell Inst, Ithaca, NY 14853 USA",Energy Materials Center at Cornell (EMC2),
"Cornell Univ, Cornell Fuel Cell Inst, Ithaca, NY 14853 USA;",Energy Materials Center at Cornell (EMC2),
"Cornell Univ, Cornell High Energy Synchrotron Source, CHESS, Ithaca, NY 14850 USA",Cornell High Energy Synchrotron Source (CHESS),
"Cornell Univ, Cornell High Energy Synchrotron Source, Ithaca, NY 14850 USA",,
"Cornell Univ, Cornell High Energy Synchrotron Source, Ithaca, NY 14850 USA;",Cornell High Energy Synchrotron Source (CHESS),
"Cornell Univ, Cornell High Energy Synchrotron Source, Ithaca, NY 14853 USA",,
"Cornell Univ, Cornell High Energy Synchrotron Source, Ithaca, NY 14853 USA;",,
"Cornell Univ, Cornell High Energy Synchrotron Source, Wilson Lab, Ithaca, NY 14853 USA",Cornell High Energy Synchrotron Source (CHESS),
"Cornell Univ, Cornell Inst Biotechnol & Life Sci Technol, Ithaca, NY 14853 USA;",,
"Cornell Univ, Cornell Nanofabricat Facil, Ithaca, NY 14853 USA;",,
"Cornell Univ, Cornell Nanophoton Grp, Sch Elect & Comp Engn, Ithaca, NY 14853 USA;",,
"Cornell Univ, Cornell Nanoscale Facil, Ithaca, NY 14853 USA",Cornell Nanoscale Facility (CNF),
"Cornell Univ, Cornell Nanoscale Facil, Ithaca, NY 14853 USA;",,
"Cornell Univ, Cornell NanoScale Facil, Ithaca, NY 14853 USA;",,
"Cornell Univ, Cornell Nanoscale Sci & Technol Facil CNF, Ithaca, NY 14853 USA;",Cornell Nanoscale Facility (CNF),
"Cornell Univ, Cornell Nanoscale Sci & Technol Facil, Ithaca, NY 14853 USA",,
"Cornell Univ, Cornell NanoScale Sci & Technol Facil, Ithaca, NY 14853 USA;",Cornell Nanoscale Facility (CNF),
"Cornell Univ, Cornell Nanoscale Sci & Technol Facil, Ithaca, NY 14853 USA;",Cornell Nanoscale Facility (CNF),
"Cornell Univ, Cornell Nanoscale Sci, Kavli Inst, Ithaca, NY 14853 USA",,
"Cornell Univ, Cornell Nanoscale Sci, Kavli Inst, Ithaca, NY 14853 USA;",,
"Cornell Univ, Cornell Nanoscale Sci, Lab Atom & Solid State Phys, Ithaca, NY 14853 USA;",,
"Cornell Univ, Cornell SIMS Lab, Dept Earth & Atmospher Sci, Ithaca, NY 14853 USA;",Earth and Atmospheric Sciences,COLLEGE OF ENGINEERING
"Cornell Univ, Cornell Theor Ctr, Sch Operat Res & Ind Engn, Ithaca, NY 14853 USA",Operations Research and Information Engineering,COLLEGE OF ENGINEERING
"Cornell Univ, Cornell Theory Ctr, Ithaca, NY 14853 USA",Cornell Center for Advanced Computing (CAC),
"Cornell Univ, Ctr Adv Comp, Ithaca, NY 14853 USA",Cornell Center for Advanced Computing (CAC),
"CORNELL UNIV, CTR APPL MATH, ITHACA, NY 14853 USA",Center for Applied Math (CAM),
"Cornell Univ, Ctr Appl Math, Ithaca, NY 14853 USA",,
"Cornell Univ, Ctr Appl Math, Ithaca, NY 14853 USA;",,
"Cornell Univ, Ctr Appl Math, Sch Civil & Environm Engn, Ithaca, NY 14853 USA;",Civil and Environmental Engineering,
"Cornell Univ, Ctr Mat Res, Ithaca, NY 14853 USA",,
"Cornell Univ, Ctr Mat Res, Ithaca, NY 14853 USA;",,
"Cornell Univ, Ctr Nanoscale Syst, Ithaca, NY 14853 USA;",,
"Cornell Univ, Ctr Radiophys & Space Res, Ithaca, NY 14853 USA",Cornell Center for Astrophysics & Planetary Science (CCAPS),
"Cornell Univ, Ctr Radiophys & Space Res, Ithaca, NY 14853 USA;",,
"Cornell Univ, Ctr Theory, Ithaca, NY 14853 USA",Cornell Center for Advanced Computing (CAC),
"Cornell Univ, Dep Chem & Chem Biol, Ithaca, NY 14853 USA",Chemistry and Chemical Biology,COLLEGE OF ARTS AND SCIENCES
"Cornell Univ, Dept Aerosp & Mech Engn, Ithaca, NY USA",,
"CORNELL UNIV, DEPT AGR & BIOL ENGN, ITHACA, NY 14853 USA",,
"Cornell Univ, Dept Anim Sci, Ithaca, NY 14853 USA",,
"Cornell Univ, Dept Anim Sci, Ithaca, NY 14853 USA;",Animal Science,COLLEGE OF AGRICULTURE AND LIFE SCIENCES
"Cornell Univ, Dept Appl & Engn Phys, Ithaca, NY 14850 USA",Applied and Engineering Physics,COLLEGE OF ENGINEERING
"Cornell Univ, Dept Appl & Engn Phys, Ithaca, NY 14850 USA;",Applied and Engineering Physics,COLLEGE OF ENGINEERING
"Cornell Univ, Dept Appl & Engn Phys, Ithaca, NY 14853 USA",Applied and Engineering Physics,COLLEGE OF ENGINEERING
"Cornell Univ, Dept Appl & Engn Phys, Ithaca, NY 14853 USA;",Applied and Engineering Physics,COLLEGE OF ENGINEERING
"Cornell Univ, Dept Appl & Engn, Ithaca, NY 14853 USA",Applied and Engineering Physics,COLLEGE OF ENGINEERING
"Cornell Univ, Dept Appl Econ & Management, Ithaca, NY 14850 USA",Charles H. Dyson School of Applied Economics and Management,COLLEGE OF AGRICULTURE AND LIFE SCIENCES
"Cornell Univ, Dept Appl Econ & Management, Ithaca, NY 14853 USA",Charles H. Dyson School of Applied Economics and Management,COLLEGE OF AGRICULTURE AND LIFE SCIENCES
"Cornell Univ, Dept Appl Engn & Phys, Ithaca, NY 14853 USA;",,
"Cornell Univ, Dept Appl Phys, Ithaca, NY 14850 USA;",Applied and Engineering Physics,
"Cornell Univ, Dept Appl Phys, Ithaca, NY 14853 USA",Applied and Engineering Physics,
"Cornell Univ, Dept Appl Phys, Ithaca, NY 14853 USA;",,
"Cornell Univ, Dept Astron, Ithaca, NY 14853 USA",Astronomy,COLLEGE OF ARTS AND SCIENCES
"Cornell Univ, Dept Astron, Ithaca, NY 14853 USA;",Astronomy,COLLEGE OF ARTS AND SCIENCES
"Cornell Univ, Dept Biol & Biomed Sci, Ithaca, NY 14853 USA;",,
"Cornell Univ, Dept Biol & Env Engn, Ithaca, NY USA",Biological and Environmental Engineering,COLLEGE OF ENGINEERING
"Cornell Univ, Dept Biol & Environm Engn, Dept Biol & Environm Engn, Ithaca, NY 14853 USA",Biological and Environmental Engineering,COLLEGE OF ENGINEERING
"Cornell Univ, Dept Biol & Environm Engn, Ithaca, NY 14850 USA",Biological and Environmental Engineering,COLLEGE OF ENGINEERING
"Cornell Univ, Dept Biol & Environm Engn, Ithaca, NY 14850 USA;",Biological and Environmental Engineering,COLLEGE OF ENGINEERING
"Cornell Univ, Dept Biol & Environm Engn, Ithaca, NY 14853 USA",Biological and Environmental Engineering,COLLEGE OF ENGINEERING
"Cornell Univ, Dept Biol & Environm Engn, Ithaca, NY 14853 USA;",Biological and Environmental Engineering,COLLEGE OF ENGINEERING
"Cornell Univ, Dept Biol & Environm Engn, Ithaca, NY USA",Biological and Environmental Engineering,COLLEGE OF ENGINEERING
"Cornell Univ, Dept Biol & Environm Engn, Ithaca, NY USA;",Biological and Environmental Engineering,COLLEGE OF ENGINEERING
"Cornell Univ, Dept Biol & Environm Engn, New York, NY 14853 USA",Biological and Environmental Engineering,COLLEGE OF ENGINEERING
"Cornell Univ, Dept Biol Sci, Ithaca, NY 14853 USA;",,
"Cornell Univ, Dept Biol Stat & Computat Biol, Ithaca, NY 14853 USA",Biological Statistics and Computational Biology,COLLEGE OF AGRICULTURE AND LIFE SCIENCES
"Cornell Univ, Dept Biol Stat & Computat Biol, Ithaca, NY 14853 USA;",Biological Statistics and Computational Biology,COLLEGE OF AGRICULTURE AND LIFE SCIENCES
"Cornell Univ, Dept Biol Stat & Computat Biol, Ithaca, NY USA",Biological Statistics and Computational Biology,COLLEGE OF AGRICULTURE AND LIFE SCIENCES
"Cornell Univ, Dept Biomed Engn, Coll Engn, Ithaca, NY 14853 USA;",Biomedical Engineering,COLLEGE OF ENGINEERING
"Cornell Univ, Dept Biomed Engn, Coll Engn, Ithaca, NY USA;",Biomedical Engineering,COLLEGE OF ENGINEERING
"Cornell Univ, Dept Biomed Engn, Ithaca, NY 14850 USA",,
"Cornell Univ, Dept Biomed Engn, Ithaca, NY 14850 USA;",Biomedical Engineering,COLLEGE OF ENGINEERING
"Cornell Univ, Dept Biomed Engn, Ithaca, NY 14853 USA",Biomedical Engineering,COLLEGE OF ENGINEERING
"Cornell Univ, Dept Biomed Engn, Ithaca, NY 14853 USA;",Biomedical Engineering,COLLEGE OF ENGINEERING
"Cornell Univ, Dept Biomed Engn, Ithaca, NY USA",Biomedical Engineering,COLLEGE OF ENGINEERING
"Cornell Univ, Dept Biomed Engn, Ithaca, NY USA;",Biomedical Engineering,COLLEGE OF ENGINEERING
"Cornell Univ, Dept Biomed Engn, New York, NY 10021 USA;",Biomedical Engineering,COLLEGE OF ENGINEERING
"Cornell Univ, Dept Biomed Engn, New York, NY 10022 USA;",Biomedical Engineering,COLLEGE OF ENGINEERING
"Cornell Univ, Dept Biomed Engn, New York, NY 14853 USA",Biomedical Engineering,COLLEGE OF ENGINEERING
"Cornell Univ, Dept Biomed Engn, Sibley Sch Mech & Aerosp Engn, Ithaca, NY USA",,
"Cornell Univ, Dept Biomed Engn, Weill Inst Cell & Mol Biol, Ithaca, NY 14853 USA;",,
"Cornell Univ, Dept Biomed Sci, Coll Vet Med, Ithaca, NY 14853 USA;",Biomedical Sciences,COLLEGE OF VETERINARY MEDICINE
"Cornell Univ, Dept Biomed Sci, Ithaca, NY 14850 USA;",Biomedical Sciences,COLLEGE OF VETERINARY MEDICINE
"Cornell Univ, Dept Biomed Sci, Ithaca, NY 14853 USA",Biomedical Sciences,COLLEGE OF VETERINARY MEDICINE
"Cornell Univ, Dept Biomed Sci, Ithaca, NY 14853 USA;",Biomedical Sciences,COLLEGE OF VETERINARY MEDICINE
"Cornell Univ, Dept Biomed Sci, Ithaca, NY 14865 USA;",Biomedical Sciences,COLLEGE OF VETERINARY MEDICINE
"Cornell Univ, Dept Biomed Sci, Ithaca, NY USA;",Biomedical Sciences,COLLEGE OF VETERINARY MEDICINE
"Cornell Univ, Dept Biomol Engn, Ithaca, NY USA;",,
"Cornell Univ, Dept Chem & Bimol Engn, Ithaca, NY 14850 USA",,
"Cornell Univ, Dept Chem & Biol Chem, Baker Lab, Ithaca, NY 14850 USA;",Chemistry and Chemical Biology,COLLEGE OF ARTS AND SCIENCES
"Cornell Univ, Dept Chem & Biol Chem, Ithaca, NY 14850 USA;",Chemistry and Chemical Biology,COLLEGE OF ARTS AND SCIENCES
"Cornell Univ, Dept Chem & Biol Chem, Ithaca, NY 14853 USA",Chemistry and Chemical Biology,COLLEGE OF ARTS AND SCIENCES
"Cornell Univ, Dept Chem & Biol Chem, Ithaca, NY 14853 USA;",Chemistry and Chemical Biology,COLLEGE OF ARTS AND SCIENCES
"Cornell Univ, Dept Chem & Biol Engn, Ithaca, NY 14853 USA",Chemical and Biomolecular Engineering,
"Cornell Univ, Dept Chem & Biomol Engn, Ithaca, NY 14850 USA",Chemical and Biomolecular Engineering,COLLEGE OF ENGINEERING
"Cornell Univ, Dept Chem & Biomol Engn, Ithaca, NY 14850 USA;",Chemical and Biomolecular Engineering,COLLEGE OF ENGINEERING
"Cornell Univ, Dept Chem & Biomol Engn, Ithaca, NY 14853 USA",Chemical and Biomolecular Engineering,COLLEGE OF ENGINEERING
"Cornell Univ, Dept Chem & Biomol Engn, Ithaca, NY 14853 USA;",Chemical and Biomolecular Engineering,COLLEGE OF ENGINEERING
"Cornell Univ, Dept Chem & Biomol Engn, Ithaca, NY USA",Chemical and Biomolecular Engineering,COLLEGE OF ENGINEERING
"Cornell Univ, Dept Chem & Biomol Engn, Ithaca, NY USA;",Chemical and Biomolecular Engineering,COLLEGE OF ENGINEERING
"Cornell Univ, Dept Chem & Chem Biol, Baker Lab, Ithaca, NY 14853 USA;",Chemistry and Chemical Biology,COLLEGE OF ARTS AND SCIENCES
"Cornell Univ, Dept Chem & Chem Biol, Ithaca, NY 14850 USA",Chemistry and Chemical Biology,COLLEGE OF ARTS AND SCIENCES
"Cornell Univ, Dept Chem & Chem Biol, Ithaca, NY 14850 USA;",Chemistry and Chemical Biology,COLLEGE OF ARTS AND SCIENCES
"Cornell Univ, Dept Chem & Chem Biol, Ithaca, NY 14853 USA",Chemistry and Chemical Biology,COLLEGE OF ARTS AND SCIENCES
"Cornell Univ, Dept Chem & Chem Biol, Ithaca, NY 14853 USA;",Chemistry and Chemical Biology,COLLEGE OF ARTS AND SCIENCES
"Cornell Univ, Dept Chem & Chem Biol, Ithaca, NY USA",Chemistry and Chemical Biology,COLLEGE OF ARTS AND SCIENCES
"Cornell Univ, Dept Chem & Chem Biol, Ithaca, NY USA;",Chemistry and Chemical Biology,COLLEGE OF ARTS AND SCIENCES
"Cornell Univ, Dept Chem Engn & Biomol Engn, Ithaca, NY 14853 USA",Chemical and Biomolecular Engineering,COLLEGE OF ENGINEERING
"Cornell Univ, Dept Chem Engn, Ithaca, NY 14850 USA",,
"Cornell Univ, Dept Chem Engn, Ithaca, NY 14853 USA",,
"Cornell Univ, Dept Chem Engn, Ithaca, NY 14853 USA;",,
"Cornell Univ, Dept Chem, Ithaca, NY 14750 USA",,
"Cornell Univ, Dept Chem, Ithaca, NY 14853 USA",,
"Cornell Univ, Dept Chem, Ithaca, NY 14853 USA;",,
"Cornell Univ, Dept Civil & Environm Engn, Ithaca, NY 14850 USA",,
"Cornell Univ, Dept Civil & Environm Engn, Ithaca, NY 14853 USA",Civil and Environmental Engineering,COLLEGE OF ENGINEERING
"Cornell Univ, Dept Civil & Environm Engn, Ithaca, NY 14853 USA;",Civil and Environmental Engineering,COLLEGE OF ENGINEERING
"Cornell Univ, Dept Clin Sci, Ithaca, NY 14853 USA",Clinical Sciences,COLLEGE OF VETERINARY MEDICINE
"Cornell Univ, Dept Clin Sci, Ithaca, NY 14853 USA;",Clinical Sciences,COLLEGE OF VETERINARY MEDICINE
"Cornell Univ, Dept Clin Sci, Ithaca, NY USA",Clinical Sciences,COLLEGE OF VETERINARY MEDICINE
"Cornell Univ, Dept Comp & Informat Sci, Ithaca, NY 14853 USA",,FACULTY OF COMPUTING AND INFORMATION SCIENCE
"Cornell Univ, Dept Comp & Informat Sci, Ithaca, NY USA",,FACULTY OF COMPUTING AND INFORMATION SCIENCE
"Cornell Univ, Dept Comp Sci, Ithaca, NY 14850 USA;",Computer Science,
"Cornell Univ, Dept Comp Sci, Ithaca, NY 14853 USA",,
"CORNELL UNIV, DEPT COMP SCI, ITHACA, NY 14853 USA",,
"Cornell Univ, Dept Comp Sci, Ithaca, NY 14853 USA;",,
"Cornell Univ, Dept Comp Sci, New York, NY 10022 USA",Computer Science,
"Cornell Univ, Dept Comparat Biomed Sci, Ithaca, NY 14853 USA",,
"Cornell Univ, Dept Crop & Soil Sci, Ithaca, NY 14853 USA;",Soil and Crop Sciences,COLLEGE OF AGRICULTURE AND LIFE SCIENCES
"Cornell Univ, Dept Crop & Soil Sci, Ithaca, NY USA;",Soil and Crop Sciences,COLLEGE OF AGRICULTURE AND LIFE SCIENCES
"Cornell Univ, Dept Earth & Atmospher Sci, Ithaca, NY 14583 USA;",,
"Cornell Univ, Dept Earth & Atmospher Sci, Ithaca, NY 14850 USA",Earth and Atmospheric Sciences,COLLEGE OF ENGINEERING
"Cornell Univ, Dept Earth & Atmospher Sci, Ithaca, NY 14850 USA;",Earth and Atmospheric Sciences,COLLEGE OF ENGINEERING
"Cornell Univ, Dept Earth & Atmospher Sci, Ithaca, NY 14853 USA",Earth and Atmospheric Sciences,COLLEGE OF ENGINEERING
"Cornell Univ, Dept Earth & Atmospher Sci, Ithaca, NY 14853 USA;",Earth and Atmospheric Sciences,COLLEGE OF ENGINEERING
"Cornell Univ, Dept Earth & Atmospher Sci, Ithaca, NY 14883 USA;",,
"Cornell Univ, Dept Earth & Atmospher Sci, Ithaca, NY USA",Earth and Atmospheric Sciences,COLLEGE OF ENGINEERING
"Cornell Univ, Dept Earth & Atmospher Sci, Ithaca, NY USA;",Earth and Atmospheric Sciences,COLLEGE OF ENGINEERING
"Cornell Univ, Dept Earth & Atmospher Sci, Pasadena, CA 91125 USA",,
"Cornell Univ, Dept Earth Atm Sci, Ithaca, NY 14853 USA;",,
"Cornell Univ, Dept Earth Atmospher Sci, Ithaca, NY USA;",,
"Cornell Univ, Dept Ecol & Evolut Biol, Ithaca, NY 14853 USA",Ecology and Evolutionary Biology,"COLLEGE OF ARTS AND SCIENCES, COLLEGE OF AGRICULTURE AND LIFE SCIENCES"
"Cornell Univ, Dept Ecol & Evolutionary Biol, Ithaca, NY 14853 USA;",Ecology and Evolutionary Biology,"COLLEGE OF ARTS AND SCIENCES, COLLEGE OF AGRICULTURE AND LIFE SCIENCES"
"Cornell Univ, Dept Ecol & Evolutionary Biol, Ithaca, NY USA;",,
"Cornell Univ, Dept Econ, Ithaca, NY 14853 USA",Economics,"COLLEGE OF ARTS AND SCIENCES, SCHOOL OF INDUSTRIAL AND LABOR RELATIONS (ILR)"
"Cornell Univ, Dept Elect & Comp Engn, Ithaca, NY 14850 USA",,
"Cornell Univ, Dept Elect & Comp Engn, Ithaca, NY 14850 USA;",Electrical and Computer Engineering,COLLEGE OF ENGINEERING
"Cornell Univ, Dept Elect & Comp Engn, Ithaca, NY 14853 USA",Electrical and Computer Engineering,COLLEGE OF ENGINEERING
"Cornell Univ, Dept Elect & Comp Engn, Ithaca, NY 14853 USA;",Electrical and Computer Engineering,COLLEGE OF ENGINEERING
"Cornell Univ, Dept Elect & Comp Engn, Ithaca, NY 14856 USA",Electrical and Computer Engineering,COLLEGE OF ENGINEERING
"Cornell Univ, Dept Elect & Comp Engn, Ithaca, NY USA",Electrical and Computer Engineering,COLLEGE OF ENGINEERING
"Cornell Univ, Dept Elect & Comp Engn, Ithaca, NY USA;",Electrical and Computer Engineering,COLLEGE OF ENGINEERING
"Cornell Univ, Dept Elect & Comp Engn, New York, NY 14853 USA;",Electrical and Computer Engineering,COLLEGE OF ENGINEERING
"Cornell Univ, Dept Elect & Comp Engn, New York, NY 14853 USA; CEA, F-38054 Grenoble, France;",,
"Cornell Univ, Dept Elect Engn, Ithaca, NY 14850 USA;",,
"Cornell Univ, Dept Elect Engn, Ithaca, NY 14853 USA",Electrical and Computer Engineering,COLLEGE OF ENGINEERING
"Cornell Univ, Dept Elect Engn, Ithaca, NY 14853 USA;",Electrical and Computer Engineering,COLLEGE OF ENGINEERING
"Cornell Univ, Dept Entomol, Ithaca, NY 14853 USA;",Entomology,COLLEGE OF AGRICULTURE AND LIFE SCIENCES
"Cornell Univ, Dept Environm Biol Engn, Ithaca, NY 14853 USA",Biological and Environmental Engineering,COLLEGE OF ENGINEERING
"Cornell Univ, Dept Fiber Sci & Apparel Design, Ithaca, NY 14853 USA",Fiber Science and Apparel Design,COLLEGE OF HUMAN ECOLOGY
"Cornell Univ, Dept Fiber Sci & Apparel Design, Ithaca, NY 14853 USA;",Fiber Science and Apparel Design,COLLEGE OF HUMAN ECOLOGY
"Cornell Univ, Dept Fiber Sci Programs, Ithaca, NY 14853 USA",Fiber Science and Apparel Design,COLLEGE OF HUMAN ECOLOGY
"Cornell Univ, Dept Food Sci, Ithaca, NY 14853 USA",Food Science,COLLEGE OF AGRICULTURE AND LIFE SCIENCES
"Cornell Univ, Dept Food Sci, Ithaca, NY 14853 USA;",Food Science,COLLEGE OF AGRICULTURE AND LIFE SCIENCES
"Cornell Univ, Dept Geol Sci, Global Basin Res Network, Ithaca, NY 14853 USA",,
"Cornell Univ, Dept Geol Sci, Ithaca, NY 14853 USA",Earth and Atmospheric Sciences,COLLEGE OF ENGINEERING
"CORNELL UNIV, DEPT GEOL SCI, ITHACA, NY 14853 USA",Earth and Atmospheric Sciences,COLLEGE OF ENGINEERING
"Cornell Univ, Dept Geol Sci, Ithaca, NY 14853 USA;",,
"Cornell Univ, Dept Geol, Ithaca, NY 14853 USA",,
"Cornell Univ, Dept Hort, Ithaca, NY 14853 USA",Horticulture,COLLEGE OF AGRICULTURE AND LIFE SCIENCES
"Cornell Univ, Dept Hort, Ithaca, NY 14853 USA;",Horticulture,COLLEGE OF AGRICULTURE AND LIFE SCIENCES
"Cornell Univ, Dept Hort, New York State Agr Expt Stn, Geneva, NY 14456 USA;",Horticulture,COLLEGE OF AGRICULTURE AND LIFE SCIENCES
"Cornell Univ, Dept Hort, NYSAES, Geneva, NY 14456 USA;",Horticulture,COLLEGE OF AGRICULTURE AND LIFE SCIENCES
"Cornell Univ, Dept MAE, Ithaca, NY 14853 USA;",Mechanical and Aerospace Engineering,COLLEGE OF ENGINEERING
"Cornell Univ, Dept MAE, Ithaca, NY USA",Mechanical and Aerospace Engineering,COLLEGE OF ENGINEERING
"Cornell Univ, Dept Mat Sci & Engn MSE, Ithaca, NY 14853 USA;",,
"Cornell Univ, Dept Mat Sci & Engn, 327 Bard Hall, Ithaca, NY 14853 USA;",Materials Science and Engineering,COLLEGE OF ENGINEERING
"Cornell Univ, Dept Mat Sci & Engn, Bard Hall, Ithaca, NY 14853 USA",,
"Cornell Univ, Dept Mat Sci & Engn, Ithaca, NY 14583 USA;",Materials Science and Engineering,COLLEGE OF ENGINEERING
"Cornell Univ, Dept Mat Sci & Engn, Ithaca, NY 14850 USA",Materials Science and Engineering,COLLEGE OF ENGINEERING
"Cornell Univ, Dept Mat Sci & Engn, Ithaca, NY 14850 USA;",Materials Science and Engineering,COLLEGE OF ENGINEERING
"Cornell Univ, Dept Mat Sci & Engn, Ithaca, NY 14853 USA",Materials Science and Engineering,COLLEGE OF ENGINEERING
"Cornell Univ, Dept Mat Sci & Engn, Ithaca, NY 14853 USA;",Materials Science and Engineering,COLLEGE OF ENGINEERING
"Cornell Univ, Dept Mat Sci & Engn, Ithaca, NY 14853 USA; Acad Sinica, Inst Phys, Taipei 155, Taiwan",,
"Cornell Univ, Dept Mat Sci & Engn, New York, NY 14853 USA;",Materials Science and Engineering,COLLEGE OF ENGINEERING
"Cornell Univ, Dept Math, Ithaca, NY 14850 USA",Mathematics,COLLEGE OF ARTS AND SCIENCES
"Cornell Univ, Dept Math, Ithaca, NY 14850 USA;",Mathematics,COLLEGE OF ARTS AND SCIENCES
"Cornell Univ, Dept Math, Ithaca, NY 14853 USA",Mathematics,COLLEGE OF ARTS AND SCIENCES
"Cornell Univ, Dept Math, Ithaca, NY 14853 USA;",,
"Cornell Univ, Dept Mech & Aerosp Engn, Field Theoret & Appl Mech, Ithaca, NY 14850 USA;",,
"Cornell Univ, Dept Mech & Aerosp Engn, Field Theoret & Appl Mech, Ithaca, NY 14853 USA",,
"Cornell Univ, Dept Mech & Aerosp Engn, Ithaca, NY 14850 USA",,
"Cornell Univ, Dept Mech & Aerosp Engn, Ithaca, NY 14850 USA;",Mechanical and Aerospace Engineering,COLLEGE OF ENGINEERING
"Cornell Univ, Dept Mech & Aerosp Engn, Ithaca, NY 14853 USA",Mechanical and Aerospace Engineering,COLLEGE OF ENGINEERING
"Cornell Univ, Dept Mech & Aerosp Engn, Ithaca, NY 14853 USA;",Mechanical and Aerospace Engineering,COLLEGE OF ENGINEERING
"Cornell Univ, Dept Mech & Aerosp Engn, Ithaca, NY USA;",Mechanical and Aerospace Engineering,COLLEGE OF ENGINEERING
"Cornell Univ, Dept Mech Engn, Ithaca, NY 14850 USA;",Mechanical and Aerospace Engineering,COLLEGE OF ENGINEERING
"Cornell Univ, Dept Mech Engn, Ithaca, NY 14853 USA;",Mechanical and Aerospace Engineering,COLLEGE OF ENGINEERING
"Cornell Univ, Dept Microbiol & Immunol, Ithaca, NY 14853 USA",Microbiology and Immunology,COLLEGE OF VETERINARY MEDICINE
"Cornell Univ, Dept Microbiol & Immunol, Ithaca, NY 14853 USA;",Microbiology and Immunology,COLLEGE OF VETERINARY MEDICINE
"Cornell Univ, Dept Microbiol & Immunol, Ithaca, NY USA",Microbiology and Immunology,COLLEGE OF VETERINARY MEDICINE
"Cornell Univ, Dept Microbiol & Immunol, Ithaca, NY USA;",Microbiology and Immunology,COLLEGE OF VETERINARY MEDICINE
"Cornell Univ, Dept Microbiol & Immunol, Sch Chem & Biomol Engn, Ithaca, NY 14853 USA;",Microbiology and Immunology,COLLEGE OF VETERINARY MEDICINE
"Cornell Univ, Dept Microbiol, Ithaca, NY 14853 USA",Microbiology,COLLEGE OF AGRICULTURE AND LIFE SCIENCES
"Cornell Univ, Dept Microbiol, Ithaca, NY 14853 USA;",Microbiology,COLLEGE OF AGRICULTURE AND LIFE SCIENCES
"Cornell Univ, Dept Microbiol, Ithaca, NY USA",Microbiology,COLLEGE OF AGRICULTURE AND LIFE SCIENCES
"Cornell Univ, Dept Microbiol, Ithaca, NY USA;",Microbiology,COLLEGE OF AGRICULTURE AND LIFE SCIENCES
"Cornell Univ, Dept Mol Biol & Genet, Ithaca, NY 14850 USA;",Molecular Biology and Genetics,"COLLEGE OF AGRICULTURE AND LIFE SCIENCES, COLLEGE OF ARTS AND SCIENCES"
"Cornell Univ, Dept Mol Biol & Genet, Ithaca, NY 14853 USA",Molecular Biology and Genetics,"COLLEGE OF AGRICULTURE AND LIFE SCIENCES, COLLEGE OF ARTS AND SCIENCES"
"Cornell Univ, Dept Mol Biol & Genet, Ithaca, NY 14853 USA;",Molecular Biology and Genetics,"COLLEGE OF AGRICULTURE AND LIFE SCIENCES, COLLEGE OF ARTS AND SCIENCES"
"Cornell Univ, Dept Mol Biol & Genet, Ithaca, NY USA",Molecular Biology and Genetics,"COLLEGE OF AGRICULTURE AND LIFE SCIENCES, COLLEGE OF ARTS AND SCIENCES"
"Cornell Univ, Dept Mol Biol & Genet, Ithaca, NY USA;",Molecular Biology and Genetics,"COLLEGE OF AGRICULTURE AND LIFE SCIENCES, COLLEGE OF ARTS AND SCIENCES"
"Cornell Univ, Dept Mol Med, Ithaca, NY 14853 USA;",Molecular Medicine,
"Cornell Univ, Dept Nat Resources, Ithaca, NY 14850 USA;",,
"Cornell Univ, Dept Neurobiol & Behav, Ithaca, NY 14853 USA",Neurobiology and Behavior,"COLLEGE OF AGRICULTURE AND LIFE SCIENCES, COLLEGE OF ARTS AND SCIENCES"
"Cornell Univ, Dept Neurobiol & Behav, Ithaca, NY 14853 USA;",Neurobiology and Behavior,"COLLEGE OF AGRICULTURE AND LIFE SCIENCES, COLLEGE OF ARTS AND SCIENCES"
"Cornell Univ, Dept Nutr Sci, Ithaca, NY 14853 USA;",Nutritional Sciences,"COLLEGE OF AGRICULTURE AND LIFE SCIENCES, COLLEGE OF HUMAN ECOLOGY"
"Cornell Univ, Dept Operat Res & Informat Engn, Ithaca, NY 14853 USA",,
"Cornell Univ, Dept Operat Res & Informat Engn, Ithaca, NY 14853 USA;",Operations Research and Information Engineering,COLLEGE OF ENGINEERING
"Cornell Univ, Dept Pathol & Lab Med, New York Presbyterian Hosp, Weill Med Coll, New York, NY 10021 USA;",,
"Cornell Univ, Dept Phys, CLASSE, Ithaca, NY 14853 USA",Department of Physics,COLLEGE OF ARTS AND SCIENCES
"Cornell Univ, Dept Phys, CLASSE, Ithaca, NY 14853 USA;",Department of Physics,COLLEGE OF ARTS AND SCIENCES
"Cornell Univ, Dept Phys, Cornell Lab Accelerator Based Sci & Educ CLASSE, Ithaca, NY 14853 USA;",Department of Physics,COLLEGE OF ARTS AND SCIENCES
"Cornell Univ, Dept Phys, Ithaca, NY 14853 USA",Department of Physics,COLLEGE OF ARTS AND SCIENCES
"Cornell Univ, Dept Phys, Ithaca, NY 14853 USA;",Department of Physics,COLLEGE OF ARTS AND SCIENCES
"Cornell Univ, Dept Phys, Lab Atom & Solid State Phys, Ithaca, NY 14853 USA;",Department of Physics,COLLEGE OF ARTS AND SCIENCES
"Cornell Univ, Dept Physiol Biophys & Syst Biol, Weill Med Coll, New York, NY 10021 USA;",,
"Cornell Univ, Dept Physiol Biophys & Syst Biol, Weill Med Coll, New York, NY 10022 USA",,
"Cornell Univ, Dept Plant Biol, Ithaca, NY 14853 USA",School of Integrative Plant Science,COLLEGE OF AGRICULTURE AND LIFE SCIENCES
"Cornell Univ, Dept Plant Breeding & Genet, Ithaca, NY 14853 USA",,
"Cornell Univ, Dept Plant Breeding, Ithaca, NY 14853 USA",School of Integrative Plant Science,COLLEGE OF AGRICULTURE AND LIFE SCIENCES
"Cornell Univ, Dept Plant Pathol & Plant Microbe Biol, Ithaca, NY 14850 USA;",School of Integrative Plant Science,COLLEGE OF AGRICULTURE AND LIFE SCIENCES
"Cornell Univ, Dept Plant Pathol & Plant Microbe Biol, Ithaca, NY 14853 USA;",School of Integrative Plant Science,COLLEGE OF AGRICULTURE AND LIFE SCIENCES
"Cornell Univ, Dept Plant Pathol & Plant Microbe Interact, Ithaca, NY 14853 USA",School of Integrative Plant Science,COLLEGE OF AGRICULTURE AND LIFE SCIENCES
"Cornell Univ, Dept Plant Pathol & Plant Microbe Interact, Ithaca, NY 14853 USA;",School of Integrative Plant Science,COLLEGE OF AGRICULTURE AND LIFE SCIENCES
"Cornell Univ, Dept Plant Pathol, Ithaca, NY 14853 USA",School of Integrative Plant Science,COLLEGE OF AGRICULTURE AND LIFE SCIENCES
"Cornell Univ, Dept Policy Anal & Management, Ithaca, NY 14853 USA",,
"Cornell Univ, Dept Populat Med & Diagnost Sci, Coll Vet Med, Ithaca, NY 14853 USA;",Population Medicine and Diagnostic Sciences,
"Cornell Univ, Dept Populat Med & Diagnost Serv, Coll Vet Med, Ithaca, NY 14853 USA;",,
"Cornell Univ, Dept Populat Med, Ithaca, NY 14853 USA",Population Medicine and Diagnostic Sciences,
"Cornell Univ, Dept Psychol, Ithaca, NY 14853 USA",Psychology,COLLEGE OF ARTS AND SCIENCES
"Cornell Univ, Dept Radiol, Weill Med Coll, New York, NY 10021 USA",,Weill Cornell Medical College
"Cornell Univ, Dept Radiol, Weill Med Coll, New York, NY 10021 USA;",,Weill Cornell Medical College
"Cornell Univ, Dept Radiol, Weill Med Coll, New York, NY 10022 USA;",,Weill Cornell Medical College
"Cornell Univ, Dept Sci & Technol Studies, Ithaca, NY 14853 USA;",,
"Cornell Univ, Dept Soil & Crop Sci, Ithaca, NY 14853 USA",Soil and Crop Sciences,COLLEGE OF AGRICULTURE AND LIFE SCIENCES
"Cornell Univ, Dept Soil Crop & Atmospher Sci, Ithaca, NY 14853 USA",,
"Cornell Univ, Dept Stat Sci, Ithaca, NY 14853 USA",Statistical Science,FACULTY OF COMPUTING AND INFORMATION SCIENCE
"Cornell Univ, Dept Stat Sci, Ithaca, NY 14853 USA;",Statistical Science,FACULTY OF COMPUTING AND INFORMATION SCIENCE
"Cornell Univ, Dept Stat Sci, Ithaca, NY USA",Statistical Science,FACULTY OF COMPUTING AND INFORMATION SCIENCE
"Cornell Univ, Dept Stat Sci, Ithaca, NY USA;",Statistical Science,FACULTY OF COMPUTING AND INFORMATION SCIENCE
"Cornell Univ, Dept Stat Sci, New York, NY 14853 USA;",Statistical Science,FACULTY OF COMPUTING AND INFORMATION SCIENCE
"Cornell Univ, Dept Stat, Ithaca, NY 14853 USA",,
"Cornell Univ, Dept Stat, Ithaca, NY 14853 USA;",,
"Cornell Univ, Dept Text & Apparel, Fiber Sci Program, Ithaca, NY 14853 USA",,COLLEGE OF HUMAN ECOLOGY
"Cornell Univ, Dept Text & Apparel, Ithaca, NY 14853 USA",,COLLEGE OF HUMAN ECOLOGY
"Cornell Univ, Dept Text & Apparel, Ithaca, NY USA",,COLLEGE OF HUMAN ECOLOGY
"Cornell Univ, Dept Text & Apparel, Sci Program, Ithaca, NY 14853 USA",,COLLEGE OF HUMAN ECOLOGY
"Cornell Univ, Dept Theoret & Appl Mech, Ithaca, NY 14850 USA;",,
"Cornell Univ, Dept Theoret & Appl Mech, Ithaca, NY 14853 USA",Mechanical and Aerospace Engineering,COLLEGE OF ENGINEERING
"Cornell Univ, Dept Theoret & Appl Mech, Ithaca, NY 14853 USA;",Mechanical and Aerospace Engineering,COLLEGE OF ENGINEERING
"Cornell Univ, Div Biomed Engn, Ithaca, NY USA",Biomedical Engineering,COLLEGE OF ENGINEERING
"Cornell Univ, Div Hematol & Med Oncol, Dept Med, Weill Med Coll, New York, NY 10065 USA",Division of Hematology and Medical Oncology,Weill Cornell Medical College
"Cornell Univ, Div Hematol & Oncol, Dept Med, Weill Cornell Med Coll, New York, NY 10065 USA;",Division of Hematology and Medical Oncology,Weill Cornell Medical College
"Cornell Univ, Div Nutr Sci, Coll Human Ecol, Ithaca, NY 14853 USA;",Nutritional Sciences,COLLEGE OF HUMAN ECOLOGY
"Cornell Univ, Div Nutr Sci, Ithaca, NY 14853 USA",Nutritional Sciences,"COLLEGE OF AGRICULTURE AND LIFE SCIENCES, COLLEGE OF HUMAN ECOLOGY"
"Cornell Univ, Div Nutr Sci, Ithaca, NY 14853 USA;",Nutritional Sciences,"COLLEGE OF AGRICULTURE AND LIFE SCIENCES, COLLEGE OF HUMAN ECOLOGY"
"Cornell Univ, Dyson Sch Appl Econ & Management, Ithaca, NY 14853 USA",Charles H. Dyson School of Applied Economics and Management,COLLEGE OF AGRICULTURE AND LIFE SCIENCES
"Cornell Univ, Dyson Sch Appl Econ & Management, Ithaca, NY 14853 USA;",Charles H. Dyson School of Applied Economics and Management,COLLEGE OF AGRICULTURE AND LIFE SCIENCES
"Cornell Univ, Earth & Atmospher Sci, Ithaca, NY 14853 USA",,
"Cornell Univ, Earth & Atmospher Sci, Ithaca, NY 14853 USA;",Earth and Atmospheric Sciences,COLLEGE OF AGRICULTURE AND LIFE SCIENCES
"Cornell Univ, EAS Dept, Ithaca, NY 14850 USA",,
"Cornell Univ, EAS Dept, Ithaca, NY 14853 USA",,
"Cornell Univ, EAS, Ithaca, NY 14850 USA;",,
"Cornell Univ, Ecol & Systemat Sect, Ithaca, NY 14853 USA",Ecology and Systemat Section,
"Cornell Univ, Elect & Comp Engn Dept, Ithaca, NY 14853 USA;",Electrical and Computer Engineering,COLLEGE OF ENGINEERING
"Cornell Univ, Elect & Comp Engn, Ithaca, NY 14853 USA;",Electrical and Computer Engineering,COLLEGE OF ENGINEERING
"Cornell Univ, Energy & Sustainabil Dept, Ithaca, NY 14853 USA",,
"Cornell Univ, Energy Inst, Ithaca, NY 14853 USA",Cornell Energy Institute,
"Cornell Univ, Energy Inst, Ithaca, NY 14853 USA;",Cornell Energy Institute,
"Cornell Univ, Energy Mat Ctr Cornell Emc2, Ithaca, NY 14853 USA;",Energy Materials Center at Cornell,
"Cornell Univ, Energy Mat Ctr, ST Olin Lab 173, Ithaca, NY 14853 USA",Energy Materials Center at Cornell,
"Cornell Univ, Engn, Ithaca, NY 14850 USA;",,
"Cornell Univ, Environm Lab, US Army Engineer Res & Dev Ctr, CENWP EC HD, Portland, OR 97208 USA",,
"Cornell Univ, Fac Comp & Informat Sci, Ithaca, NY 14850 USA",,FACULTY OF COMPUTING AND INFORMATION SCIENCE
"Cornell Univ, Fac Comp & Informat Sci, Ithaca, NY 14853 USA",,FACULTY OF COMPUTING AND INFORMATION SCIENCE
"Cornell Univ, Fiber & Polymer Sci Program, Dept Text & Apparel, Ithaca, NY 14853 USA",,COLLEGE OF HUMAN ECOLOGY
"Cornell Univ, Field Genet & Dev, Ithaca, NY 14853 USA;",,
"Cornell Univ, Field Microbiol, Ithaca, NY 14853 USA",Microbiology,COLLEGE OF AGRICULTURE AND LIFE SCIENCES
"Cornell Univ, Field Microbiol, Ithaca, NY 14853 USA;",Microbiology,COLLEGE OF AGRICULTURE AND LIFE SCIENCES
"Cornell Univ, Field Microbiol, Ithaca, NY USA;",Microbiology,COLLEGE OF AGRICULTURE AND LIFE SCIENCES
"Cornell Univ, Field Syst Engn, Ithaca, NY 14853 USA;",System Engineering,COLLEGE OF ENGINEERING
"Cornell Univ, Field Theoret & Appl Mech, Dept Mech & Aerosp Engn, Ithaca, NY 14853 USA",,
"Cornell Univ, Field Theoret & Appl Mech, Dept Mech & Aerosp Engn, Ithaca, NY 14853 USA;",Mechanical and Aerospace Engineering,COLLEGE OF ENGINEERING
"Cornell Univ, Field Theoret & Appl Mech, Ithaca, NY 14850 USA",Mechanical and Aerospace Engineering,COLLEGE OF ENGINEERING
"Cornell Univ, Field Theoret & Appl Mech, Ithaca, NY 14850 USA;",Mechanical and Aerospace Engineering,COLLEGE OF ENGINEERING
"Cornell Univ, Field Theoret & Appl Mech, Ithaca, NY 14853 USA",Mechanical and Aerospace Engineering,COLLEGE OF ENGINEERING
"Cornell Univ, Field Theoret & Appl Mech, Ithaca, NY 14853 USA;",Mechanical and Aerospace Engineering,COLLEGE OF ENGINEERING
"Cornell Univ, Field Theoret & Appl Mech, Ithaca, NY USA",Mechanical and Aerospace Engineering,COLLEGE OF ENGINEERING
"Cornell Univ, Field Theoret & Appl Mech, Sch Civil & Environm Engn, Ithaca, NY 14853 USA",Mechanical and Aerospace Engineering,COLLEGE OF ENGINEERING
"Cornell Univ, Field Theoret & Appl Mech, Sibley Sch Mech Engn, Ithaca, NY 14853 USA;",Mechanical and Aerospace Engineering,COLLEGE OF ENGINEERING
"Cornell Univ, Grad Field Biochem Mol & Cell Biol, Ithaca, NY 14853 USA;","Biochemistry, Molecular and Cell Biology",Graduate Field
"Cornell Univ, Grad Field Biomed Engn, Ithaca, NY 14850 USA;",Biomedical Engineering,Graduate Field
"Cornell Univ, Grad Field Genet Genom & Dev, Ithaca, NY 14853 USA;","Genetics, Genomics and Development",Graduate Field
"Cornell Univ, Grad Field Microbiol, Ithaca, NY 14853 USA;",Microbiology,Graduate Field
"Cornell Univ, Howard Hughes Med Inst, Ithaca, NY 14853 USA;",,
"Cornell Univ, Howard Hughes Med Inst, Ithaca, NY USA;",,
"Cornell Univ, Inst Biotechnol & Life Sci Technol, Ithaca, NY USA",Institute of Biotechnology,
"Cornell Univ, Inst Biotechnol, Ithaca, NY 14853 USA;",Institute of Biotechnology,
"CORNELL UNIV, INST STUDY CONTINENTS, ITHACA, NY 14853 USA",Institute for the Study of the Continents (INSTOC),
"Cornell Univ, Inst Study Continents, Ithaca, NY 14853 USA",Institute for the Study of the Continents (INSTOC),
"CORNELL UNIV, INSTOC, ITHACA, NY 14853 USA",,
"Cornell Univ, INSTOC, Ithaca, NY 14853 USA",,
"Cornell Univ, INSTOC, Ithaca, NY 14853 USA;",,
"Cornell Univ, Integrated Micro & Nanofluid Syst Lab, Ithaca, NY 14853 USA",,
"Cornell Univ, Ithaca, NY 14850 USA",,
"Cornell Univ, Ithaca, NY 14853 USA",,
"Cornell Univ, Ithaca, NY 14853 USA;",,
"Cornell Univ, Ithaca, NY USA",,
"Cornell Univ, Ithaca, NY USA;",,
"Cornell Univ, James A Baker Inst Anim Hlth, Coll Vet Med, Ithaca, NY 14853 USA",Baker Institute for Animal Health,
"Cornell Univ, KAUST Cornell Ctr Energy & Sustainabil, Ithaca, NY 14853 USA",,
"Cornell Univ, Kaust Cornell Ctr Energy & Sustainabil, Ithaca, NY 14853 USA;",,
"Cornell Univ, KAUST Cornell Ctr Energy & Sustainabil, Ithaca, NY 14853 USA;",,
"Cornell Univ, KAUST CU Ctr Energy & Sustainabil, Ithaca, NY 14853 USA",Center for Nanomaterials Engineering and Technology (CNET),
"Cornell Univ, Kavil Inst Cornell Nanoscale Sci, Ithaca, NY 14853 USA",Kavli Institute at Cornell for Nanoscale Science (KIC),
"Cornell Univ, Kavli Insitute, Ithaca, NY USA",Kavli Institute at Cornell for Nanoscale Science (KIC),
"Cornell Univ, Kavli Inst Cornell Nanoscale Sci & Technol, Dept Hort, Ithaca, NY 14853 USA;",Kavli Institute at Cornell for Nanoscale Science (KIC),
"Cornell Univ, Kavli Inst Cornell Nanoscale Sci & Technol, Ithaca, NY 14853 USA",Kavli Institute at Cornell for Nanoscale Science (KIC),
"Cornell Univ, Kavli Inst Cornell Nanoscale Sci & Technol, Sch Chem & Biomol Engn, Ithaca, NY 14853 USA",Kavli Institute at Cornell for Nanoscale Science (KIC),
"Cornell Univ, Kavli Inst Cornell Nanoscale Sci & Technol, Sibley Sch Mech & Aerosp Engn, Ithaca, NY 14853 USA;",Kavli Institute at Cornell for Nanoscale Science (KIC),
"Cornell Univ, Kavli Inst Cornell Nanoscale Sci, Ithaca, NY 14850 USA",Kavli Institute at Cornell for Nanoscale Science (KIC),
"Cornell Univ, Kavli Inst Cornell Nanoscale Sci, Ithaca, NY 14853 USA",,
"Cornell Univ, Kavli Inst Cornell Nanoscale Sci, Ithaca, NY 14853 USA;",Kavli Institute at Cornell for Nanoscale Science (KIC),
"Cornell Univ, Kavli Inst Cornell Nanoscale Sci, Ithaca, NY USA",Kavli Institute at Cornell for Nanoscale Science (KIC),
"Cornell Univ, Kavli Inst Cornell Nanosci, Ithaca, NY 14853 USA",Kavli Institute at Cornell for Nanoscale Science (KIC),
"Cornell Univ, Kavli Inst Cornell, Ithaca, NY 14853 USA",Kavli Institute at Cornell for Nanoscale Science (KIC),
"Cornell Univ, Kavli Inst Cornell, Ithaca, NY 14853 USA;",,
"Cornell Univ, Kavli Inst Nanoscale Sci Phys Sci Bldg, Ithaca, NY 14853 USA;",,
"Cornell Univ, Kavli Inst Nanoscale Sci, Ithaca, NY 14853 USA",,
"Cornell Univ, Kavli Inst Nanoscale Sci, Ithaca, NY 14853 USA;",Kavli Institute at Cornell for Nanoscale Science (KIC),
"Cornell Univ, Kavli Inst, Cornell Nanoscale Sci, Ithaca, NY 14853 USA",,
"Cornell Univ, Kavli Inst, Ithaca, NY 14853 USA",,
"Cornell Univ, Kavli Inst, Ithaca, NY USA",Kavli Institute at Cornell for Nanoscale Science (KIC),
"Cornell Univ, Kavli Inst, Ithaca, NY USA;",,
"Cornell Univ, Lab Atom & Solid State Phys, Dept Phys, Ithaca, NY 14853 USA;",,
"Cornell Univ, Lab Atom & Solid State Phys, Ithaca, NY 14850 USA;",Laboratory of Atomic and Solid State Physics (LASSP),
"Cornell Univ, Lab Atom & Solid State Phys, Ithaca, NY 14853 USA",Laboratory of Atomic and Solid State Physics (LASSP),
"Cornell Univ, Lab Atom & Solid State Phys, Ithaca, NY 14853 USA;",,
"Cornell Univ, Lab Atom, Ithaca, NY 14853 USA;",Laboratory of Atomic and Solid State Physics (LASSP),
"Cornell Univ, Lab Expt Econ & Decis Res, Ithaca, NY 14853 USA",Charles H. Dyson School of Applied Economics and Management,COLLEGE OF AGRICULTURE AND LIFE SCIENCES
"Cornell Univ, Lab Plasma Studies, Ithaca, NY 14853 USA",Laboratory of Plasma Studies (LPS),
"Cornell Univ, Lab Urol Oncol, Weill Med Coll, New York, NY 10065 USA;",Department of Urology,Weill Cornell Medical College
"Cornell Univ, LASSP, Dept Phys, Ithaca, NY 14853 USA;",Laboratory of Atomic and Solid State Physics (LASSP),
"Cornell Univ, LEPP & CHESS, Dept Phys, Ithaca, NY 14853 USA",Department of Physics,
"Cornell Univ, MacCHESS Macromol Diffract Facil CHESS, Ithaca, NY USA",Cornell High Energy Synchrotron Source (CHESS),
"Cornell Univ, Macromol Diffract Facil, CHESS, Ithaca, NY 14853 USA;",Cornell High Energy Synchrotron Source (CHESS),
"Cornell Univ, Mat Res Inst, Ithaca, NY 14853 USA",,
"Cornell Univ, Mat Sci & Engn, Ithaca, NY 14853 USA",,
"Cornell Univ, Mat Sci & Engn, Ithaca, NY 14853 USA;",Materials Science and Engineering,COLLEGE OF ENGINEERING
"Cornell Univ, Mech & Aerosp Engn, Ithaca, NY 14853 USA",Mechanical and Aerospace Engineering,COLLEGE OF ENGINEERING
"Cornell Univ, Mol Biol & Genet, Ithaca, NY 14853 USA;",Molecular Biology and Genetics,"COLLEGE OF AGRICULTURE AND LIFE SCIENCES, COLLEGE OF ARTS AND SCIENCES"
"Cornell Univ, Nancy C & Peter E Meinig Sch Biomed Engn, Ithaca, NY 14853 USA",Biomedical Engineering,COLLEGE OF ENGINEERING
"Cornell Univ, Nancy E & Peter C Meinig Sch Biomed Engn, Ithaca, NY 14853 USA",Biomedical Engineering,COLLEGE OF ENGINEERING
"Cornell Univ, Nancy E & Peter C Meinig Sch Biomed Engn, Ithaca, NY 14853 USA;",Biomedical Engineering,COLLEGE OF ENGINEERING
"Cornell Univ, Nanobiotechnol Ctr, Ithaca, NY 14853 USA",Nanobiotechnology Center (NBTC),
"Cornell Univ, Nanobiotechnol Ctr, Ithaca, NY 14853 USA;",Nanobiotechnology Center (NBTC),
"Cornell Univ, Nanobiotechnol Ctr, Ithaca, NY USA",Nanobiotechnology Center (NBTC),
"Cornell Univ, Natl Astron & Ionosphere Ctr, Ithaca, NY 14853 USA",Astronomy,COLLEGE OF ARTS AND SCIENCES
"Cornell Univ, Natl Nanofabricat Facil, Ithaca, NY 14853 USA;",Cornell Nanoscale Facility (CNF),
"Cornell Univ, Neuromusc Biomech lab, Ithaca, NY 14853 USA",Sibley School of Mechanical and Aerospace Engineering,
"Cornell Univ, New York Presbyterian Hosp, Ithaca, NY 10065 USA;",,
"Cornell Univ, New York Presbyterian Hosp, Weill Med Coll, Dept Neurol Surg, New York, NY 10021 USA;",,
"Cornell Univ, New York State Agr Expt Stn, Dept Plant Pathol & Plant Microbe Biol, Geneva, NY 14456 USA;",School of Integrative Plant Science,COLLEGE OF AGRICULTURE AND LIFE SCIENCES
"Cornell Univ, Northeast Reg Climate Ctr, Ithaca, NY USA;",,
"Cornell Univ, Off Stat Consulting, Ithaca, NY 14853 USA",,
"Cornell Univ, ORIE, Ithaca, NY 14853 USA",,
"Cornell Univ, ORIE, Ithaca, NY 14853 USA;",,
"Cornell Univ, Paleontol Res Inst, Ithaca, NY 14850 USA;",,
"Cornell Univ, Plant Biol & Cornell Integrated Microscopy Ctr, Ithaca, NY 14853 USA",,
"Cornell Univ, Plasma Studies Lab, Ithaca, NY 14850 USA",Laboratory of Plasma Studies (LPS),
"Cornell Univ, Plasma Studies Lab, Ithaca, NY 14850 USA;",Laboratory of Plasma Studies (LPS),
"Cornell Univ, Plasma Studies Lab, Ithaca, NY 14853 USA",,
"Cornell Univ, Plasma Studies Lab, Ithaca, NY 14853 USA;",Laboratory of Plasma Studies (LPS),
"Cornell Univ, Plasma Studies Lab, New York, NY 14853 USA;",Laboratory of Plasma Studies (LPS),
"Cornell Univ, Power Syst Engn Res Ctr PSerc, Ithaca, NY 14853 USA",,
"Cornell Univ, Power Syst Engn Res Ctr, Ithaca, NY 14853 USA",,
"Cornell Univ, Program Syst Engn, Ithaca, NY 14853 USA",,
"Cornell Univ, Prote & Mass Spectrometry Core Facil, Ithaca, NY 14853 USA",Institute of Biotechnology,
"Cornell Univ, Prote & Mass Spectrometry Core Facil, Ithaca, NY USA;",Institute of Biotechnology,
"Cornell Univ, Prote & Mass Spectrometry Facil, Ithaca, NY 14853 USA",Institute of Biotechnology,
"Cornell Univ, Prote & Mass Spectrometry Facil, Ithaca, NY USA;",Institute of Biotechnology,
"Cornell Univ, Sch Appl & Engn Phys, Ctr Nanoscale Syst, Ithaca, NY 14853 USA;",Applied and Engineering Physics,COLLEGE OF ENGINEERING
"Cornell Univ, Sch Appl & Engn Phys, Dept Phys, Ithaca, NY 14853 USA;",Applied and Engineering Physics,
"Cornell Univ, Sch Appl & Engn Phys, Ithaca, NY 14583 USA",Applied and Engineering Physics,
"Cornell Univ, Sch Appl & Engn Phys, Ithaca, NY 14843 USA",Applied and Engineering Physics,COLLEGE OF ENGINEERING
"Cornell Univ, Sch Appl & Engn Phys, Ithaca, NY 14850 USA",Applied and Engineering Physics,COLLEGE OF ENGINEERING
"Cornell Univ, Sch Appl & Engn Phys, Ithaca, NY 14850 USA;",Applied and Engineering Physics,COLLEGE OF ENGINEERING
"Cornell Univ, Sch Appl & Engn Phys, Ithaca, NY 14853 USA",Applied and Engineering Physics,COLLEGE OF ENGINEERING
"Cornell Univ, Sch Appl & Engn Phys, Ithaca, NY 14853 USA;",Applied and Engineering Physics,COLLEGE OF ENGINEERING
"Cornell Univ, Sch Appl & Engn Phys, Ithaca, NY USA",Applied and Engineering Physics,COLLEGE OF ENGINEERING
"Cornell Univ, Sch Appl & Engn Phys, Ithaca, NY USA;",Applied and Engineering Physics,COLLEGE OF ENGINEERING
"Cornell Univ, Sch Appl & Engn Phys, Nanobiotechnol Ctr, Ithaca, NY 14853 USA;",Applied and Engineering Physics,COLLEGE OF ENGINEERING
"Cornell Univ, Sch Appl & Engn Phys, New York, NY 14853 USA;",Applied and Engineering Physics,COLLEGE OF ENGINEERING
"Cornell Univ, Sch Appl Engn & Phys, Ithaca, NY 14853 USA;",Applied and Engineering Physics,COLLEGE OF ENGINEERING
"Cornell Univ, Sch Appl Phys, Ithaca, NY 14853 USA;",Applied and Engineering Physics,COLLEGE OF ENGINEERING
"Cornell Univ, Sch Biomed Engn, Ithaca, NY USA",Biomedical Engineering,COLLEGE OF ENGINEERING
"Cornell Univ, Sch Chem & Bimol Engn, Ithaca, NY 14853 USA;",Chemical and Biomolecular Engineering,COLLEGE OF ENGINEERING
"Cornell Univ, Sch Chem & Biol Engn, Ithaca, NY 14853 USA;",Chemical and Biomolecular Engineering,COLLEGE OF ENGINEERING
"Cornell Univ, Sch Chem & Biolmol Engn, Ithaca, NY 14850 USA;",Chemical and Biomolecular Engineering,COLLEGE OF ENGINEERING
"Cornell Univ, Sch Chem & Biom Engn, Ithaca, NY 14853 USA;",Chemical and Biomolecular Engineering,COLLEGE OF ENGINEERING
"Cornell Univ, Sch Chem & Biomol Engn, Cornell Energy Inst, Ithaca, NY 14853 USA;",Chemical and Biomolecular Engineering,COLLEGE OF ENGINEERING
"Cornell Univ, Sch Chem & Biomol Engn, Ithaca, NY 14850 USA",Chemical and Biomolecular Engineering,COLLEGE OF ENGINEERING
"Cornell Univ, Sch Chem & Biomol Engn, Ithaca, NY 14850 USA;",Chemical and Biomolecular Engineering,COLLEGE OF ENGINEERING
"Cornell Univ, Sch Chem & Biomol Engn, Ithaca, NY 14853 USA",Chemical and Biomolecular Engineering,COLLEGE OF ENGINEERING
"Cornell Univ, Sch Chem & Biomol Engn, Ithaca, NY 14853 USA;",Chemical and Biomolecular Engineering,COLLEGE OF ENGINEERING
"Cornell Univ, Sch Chem & Biomol Engn, Ithaca, NY USA",Chemical and Biomolecular Engineering,COLLEGE OF ENGINEERING
"Cornell Univ, Sch Chem & Biomol Engn, Ithaca, NY USA;",Chemical and Biomolecular Engineering,COLLEGE OF ENGINEERING
"Cornell Univ, Sch Chem & Biomol Engn, New York, NY 10021 USA",Chemical and Biomolecular Engineering,
"CORNELL UNIV, SCH CHEM ENGN, ITHACA, NY 14853 USA",Chemical and Biomolecular Engineering,COLLEGE OF ENGINEERING
"Cornell Univ, Sch Chem Engn, Ithaca, NY 14853 USA",Chemical and Biomolecular Engineering,COLLEGE OF ENGINEERING
"Cornell Univ, Sch Chem Engn, Ithaca, NY 14853 USA;",Chemical and Biomolecular Engineering,COLLEGE OF ENGINEERING
"Cornell Univ, Sch Civil & Environm Engn, Ctr Appl Math, Ithaca, NY 14853 USA;",Civil and Environmental Engineering,COLLEGE OF ENGINEERING
"Cornell Univ, Sch Civil & Environm Engn, DeFrees Hydraul Lab, Ithaca, NY 14853 USA",Civil and Environmental Engineering,
"Cornell Univ, Sch Civil & Environm Engn, DeFrees Hydraul Lab, Ithaca, NY 14853 USA;",Civil and Environmental Engineering,
"Cornell Univ, Sch Civil & Environm Engn, Ithaca, NY 14850 USA",Civil and Environmental Engineering,
"Cornell Univ, Sch Civil & Environm Engn, Ithaca, NY 14850 USA;",Civil and Environmental Engineering,COLLEGE OF ENGINEERING
"CORNELL UNIV, SCH CIVIL & ENVIRONM ENGN, ITHACA, NY 14853 USA",Civil and Environmental Engineering,COLLEGE OF ENGINEERING
"Cornell Univ, Sch Civil & Environm Engn, Ithaca, NY 14853 USA",Civil and Environmental Engineering,COLLEGE OF ENGINEERING
"Cornell Univ, Sch Civil & Environm Engn, Ithaca, NY 14853 USA;",Civil and Environmental Engineering,COLLEGE OF ENGINEERING
"Cornell Univ, Sch Civil & Environm Engn, Ithaca, NY USA",Civil and Environmental Engineering,
"Cornell Univ, Sch Civil & Environm Engn, Sch Operat Res & Ind Engn, Ithaca, NY 14853 USA","Civil and Environmental Engineering, Operations Research and Information Engineering",COLLEGE OF ENGINEERING
"Cornell Univ, Sch Civil & Environm Engn, Sch Operat Res & Informat Engn, Ctr Appl Math, Ithaca, NY 14853 USA",Civil and Environmental Engineering,
"Cornell Univ, Sch Earth & Atmospher Sci, Ithaca, NY 14853 USA",Earth and Atmospheric Sciences,COLLEGE OF ENGINEERING
"Cornell Univ, Sch Elect & Comp Engn, Coll Engn, Ithaca, NY 14853 USA",Electrical and Computer Engineering,COLLEGE OF ENGINEERING
"Cornell Univ, Sch Elect & Comp Engn, Cornell Nanophoton Grp, Ithaca, NY 14853 USA;",Electrical and Computer Engineering,COLLEGE OF ENGINEERING
"Cornell Univ, Sch Elect & Comp Engn, Dept Biomed Engn, Ithaca, NY 14853 USA",,
"Cornell Univ, Sch Elect & Comp Engn, Dept Biomed Engn, Ithaca, NY 14853 USA;","Electrical and Computer Engineering, Biomedical Engineering",COLLEGE OF ENGINEERING
"Cornell Univ, Sch Elect & Comp Engn, Dept Elect Engn, New York, NY 10022 USA;",Electrical and Computer Engineering,COLLEGE OF ENGINEERING
"Cornell Univ, Sch Elect & Comp Engn, Ithaca, NY 14583 USA",,
"Cornell Univ, Sch Elect & Comp Engn, Ithaca, NY 14583 USA;",Electrical and Computer Engineering,COLLEGE OF ENGINEERING
"Cornell Univ, Sch Elect & Comp Engn, Ithaca, NY 14850 USA",Electrical and Computer Engineering,COLLEGE OF ENGINEERING
"Cornell Univ, Sch Elect & Comp Engn, Ithaca, NY 14850 USA;",Electrical and Computer Engineering,COLLEGE OF ENGINEERING
"Cornell Univ, Sch Elect & Comp Engn, Ithaca, NY 14853 USA",Electrical and Computer Engineering,COLLEGE OF ENGINEERING
"Cornell Univ, Sch Elect & Comp Engn, Ithaca, NY 14853 USA;",Electrical and Computer Engineering,COLLEGE OF ENGINEERING
"Cornell Univ, Sch Elect & Comp Engn, Ithaca, NY USA",Electrical and Computer Engineering,COLLEGE OF ENGINEERING
"Cornell Univ, Sch Elect & Comp Engn, Ithaca, NY USA;",Electrical and Computer Engineering,COLLEGE OF ENGINEERING
"Cornell Univ, Sch Elect & Comp Engn, New York, NY 14853 USA;",Electrical and Computer Engineering,COLLEGE OF ENGINEERING
"Cornell Univ, Sch Elect & Comp Engn, SonicMEMS Lab, Ithaca, NY 14853 USA;",Electrical and Computer Engineering,COLLEGE OF ENGINEERING
"Cornell Univ, Sch Elect Engn & Comp Sci, Ithaca, NY 14853 USA;",Electrical and Computer Engineering,COLLEGE OF ENGINEERING
"Cornell Univ, Sch Elect Engn, Ithaca, NY 14853 USA",Electrical and Computer Engineering,COLLEGE OF ENGINEERING
"Cornell Univ, Sch Elect Engn, Ithaca, NY 14853 USA;",Electrical and Computer Engineering,COLLEGE OF ENGINEERING
"Cornell Univ, Sch Elect Engn, Ithaca, NY USA",Electrical and Computer Engineering,COLLEGE OF ENGINEERING
"Cornell Univ, Sch Engn & Appl Phys, Ithaca, NY 14853 USA;",Applied and Engineering Physics,COLLEGE OF ENGINEERING
"Cornell Univ, Sch Mat Sci & Engn, Ithaca, NY 14850 USA",Materials Science and Engineering,COLLEGE OF ENGINEERING
"Cornell Univ, Sch Mech & Aerosp Engn, Ithaca, NY 14853 USA",Mechanical and Aerospace Engineering,COLLEGE OF ENGINEERING
"Cornell Univ, Sch Mech & Aerosp Engn, Ithaca, NY 14853 USA;",Mechanical and Aerospace Engineering,COLLEGE OF ENGINEERING
"Cornell Univ, Sch Mech & Aerosp Engn, Ithaca, NY USA;",Mechanical and Aerospace Engineering,COLLEGE OF ENGINEERING
"Cornell Univ, Sch Mech Engn, Ithaca, NY 14853 USA;",Mechanical and Aerospace Engineering,COLLEGE OF ENGINEERING
"CORNELL UNIV, SCH OPERAT RES & IND ENGN, ITHACA, NY 14853 USA",Operations Research and Information Engineering,COLLEGE OF ENGINEERING
"Cornell Univ, Sch Operat Res & Ind Engn, Ithaca, NY 14853 USA",Operations Research and Information Engineering,COLLEGE OF ENGINEERING
"Cornell Univ, Sch Operat Res & Ind Engn, Ithaca, NY 14853 USA;",Operations Research and Information Engineering,COLLEGE OF ENGINEERING
"Cornell Univ, Sch Operat Res & Ind Engn, New York, NY 14853 USA",,
"Cornell Univ, Sch Operat Res & Informat Engn, Ctr Appl Math, Ithaca, NY 14853 USA;",Operations Research and Information Engineering,COLLEGE OF ENGINEERING
"Cornell Univ, Sch Operat Res & Informat Engn, Dept Comp Sci, Ithaca, NY 14853 USA",Operations Research and Information Engineering,COLLEGE OF ENGINEERING
"Cornell Univ, Sch Operat Res & Informat Engn, Ithaca, NY 14850 USA",,
"Cornell Univ, Sch Operat Res & Informat Engn, Ithaca, NY 14850 USA;",Operations Research and Information Engineering,COLLEGE OF ENGINEERING
"Cornell Univ, Sch Operat Res & Informat Engn, Ithaca, NY 14853 USA",Operations Research and Information Engineering,COLLEGE OF ENGINEERING
"Cornell Univ, Sch Operat Res & Informat Engn, Ithaca, NY 14853 USA;",Operations Research and Information Engineering,COLLEGE OF ENGINEERING
"Cornell Univ, Sch Operat Res & Informat Engn, Ithaca, NY USA",,
"Cornell Univ, Sch Operat Res & Informat Engn, Ithaca, NY USA;",Operations Research and Information Engineering,COLLEGE OF ENGINEERING
"Cornell Univ, Sch Operat Res & Informat Engn, New York, NY 14853 USA",Operations Research and Information Engineering,COLLEGE OF ENGINEERING
"Cornell Univ, Sch ORIE, Ithaca, NY 14850 USA;",,
"Cornell Univ, Sch ORIE, Ithaca, NY 14853 USA;",Operations Research and Information Engineering,COLLEGE OF ENGINEERING
"Cornell Univ, Sch ORIE, Ithaca, NY USA",,
"Cornell Univ, Sch Theoret & Appl Mech, Ithaca, NY 14853 USA;",Mechanical and Aerospace Engineering,COLLEGE OF ENGINEERING
"Cornell Univ, Sch Vet Med, Ithaca, NY 14853 USA;",,COLLEGE OF VETERINARY MEDICINE
"Cornell Univ, School Appl & Engn Phys, Ithaca, NY 14853 USA;",Applied and Engineering Physics,COLLEGE OF ENGINEERING
"Cornell Univ, Sci & Technol Studies Dept, Ithaca, NY 14853 USA;",Science and Technology Studies,COLLEGE OF ARTS AND SCIENCES
"Cornell Univ, Sibley Sch Mech & Aerosp Engn, Coll Engn, Ithaca, NY 14853 USA;",Mechanical and Aerospace Engineering,COLLEGE OF ENGINEERING
"Cornell Univ, Sibley Sch Mech & Aerosp Engn, Computat Synth Lab, Ithaca, NY 14853 USA",Mechanical and Aerospace Engineering,COLLEGE OF ENGINEERING
"Cornell Univ, Sibley Sch Mech & Aerosp Engn, Dept Mech & Aerosp Engn, Ithaca, NY 14853 USA;",Mechanical and Aerospace Engineering,COLLEGE OF ENGINEERING
"Cornell Univ, Sibley Sch Mech & Aerosp Engn, Field Theoret & Appl Mech, Ithaca, NY 14853 USA",Mechanical and Aerospace Engineering,COLLEGE OF ENGINEERING
"Cornell Univ, Sibley Sch Mech & Aerosp Engn, Ithaca, NY 14850 USA",Mechanical and Aerospace Engineering,COLLEGE OF ENGINEERING
"Cornell Univ, Sibley Sch Mech & Aerosp Engn, Ithaca, NY 14850 USA;",Mechanical and Aerospace Engineering,COLLEGE OF ENGINEERING
"Cornell Univ, Sibley Sch Mech & Aerosp Engn, Ithaca, NY 14853 USA",Mechanical and Aerospace Engineering,COLLEGE OF ENGINEERING
"Cornell Univ, Sibley Sch Mech & Aerosp Engn, Ithaca, NY 14853 USA;",Mechanical and Aerospace Engineering,COLLEGE OF ENGINEERING
"Cornell Univ, Sibley Sch Mech & Aerosp Engn, Ithaca, NY USA",Mechanical and Aerospace Engineering,COLLEGE OF ENGINEERING
"Cornell Univ, Sibley Sch Mech & Aerosp Engn, New York, NY 14853 USA",,
"Cornell Univ, Sibley Sch Mech & Aerosp Engnl, Ithaca, NY 14856 USA;",Mechanical and Aerospace Engineering,COLLEGE OF ENGINEERING
"Cornell Univ, SonicMEMS Lab, Sch Elect & Comp Engn, Ithaca, NY 14853 USA;",Electrical and Computer Engineering,COLLEGE OF ENGINEERING
"Cornell Univ, Syst Engn Program, Ithaca, NY 14853 USA",,
"Cornell Univ, Theoret & Appl Mech, Ithaca, NY 14853 USA;",Mechanical and Aerospace Engineering,COLLEGE OF ENGINEERING
"Cornell Univ, USA, Engineer Res & Dev Ctr, CENWP,EC,HP, Portland, OR 97208 USA",,
"Cornell Univ, Weill Cornell Coll Med, Dept Med, Div Hematol & Oncol, New York, NY 10065 USA;",,Weill Cornell Medical College
"Cornell Univ, Weill Cornell Med Coll, Dept Cardiothorac Surg, New York, NY 10065 USA;",,Weill Cornell Medical College
"Cornell Univ, Weill Cornell Med Coll, Dept Cell & Dev Biol, New York, NY 10065 USA;",,Weill Cornell Medical College
"Cornell Univ, Weill Cornell Med Coll, Dept Med, New York, NY 10065 USA",,Weill Cornell Medical College
"Cornell Univ, Weill Cornell Med Coll, Dept Pathol & Lab Med, New York, NY 10021 USA;",,Weill Cornell Medical College
"Cornell Univ, Weill Cornell Med Coll, Dept Pathol, New York, NY 10065 USA;",,Weill Cornell Medical College
"Cornell Univ, Weill Cornell Med Coll, Dept Radiol, New York, NY 10021 USA;",,Weill Cornell Medical College
"Cornell Univ, Weill Cornell Med Coll, Dept Urol, New York, NY 10065 USA;",,Weill Cornell Medical College
"Cornell Univ, Weill Cornell Med Coll, Div Hematol & Med Oncol, New York, NY 10065 USA;",,Weill Cornell Medical College
"Cornell Univ, Weill Cornell Med Coll, Div Hematol & Med Oncol, New York, NY USA;",,Weill Cornell Medical College
"Cornell Univ, Weill Cornell Med Coll, Div Hematol, New York, NY 10065 USA",,Weill Cornell Medical College
"Cornell Univ, Weill Cornell Med Coll, Neuberger Berman Lung Canc Ctr, New York, NY 10065 USA;",,Weill Cornell Medical College
"Cornell Univ, Weill Grad Sch Med Sci, Dept Physiol Biophys & Syst Biol, New York, NY 10022 USA;",,Weill Cornell Medical College
"Cornell Univ, Weill Inst Cell & Mol Biol, Dept Biomed Engn, Ithaca, NY 14853 USA",,Weill Cornell Medical College
"Cornell Univ, Weill Inst Cell & Mol Biol, Dept Biomed Engn, Ithaca, NY 14853 USA;",,
"Cornell Univ, Weill Inst Cell & Mol Biol, Ithaca, NY 14853 USA",,Weill Cornell Medical College
"Cornell Univ, Weill Inst Cell & Mol Biol, Ithaca, NY 14853 USA;",,Weill Cornell Medical College
"Cornell Univ, Weill Med Coll, Citigrp Biomed Imaging Core Facil CIBC, New York, NY 10021 USA",,Weill Cornell Medical College
"Cornell Univ, Weill Med Coll, Dept Chem & Biomol Engn, New York, NY 10021 USA;",,Weill Cornell Medical College
"Cornell Univ, Weill Med Coll, Dept Hematol & Oncol, New York, NY 10021 USA;",,
"Cornell Univ, Weill Med Coll, Dept Med, Div Hematol & Med Oncol, New York, NY 10021 USA",,Weill Cornell Medical College
"Cornell Univ, Weill Med Coll, Dept Med, Div Hematol & Med Oncol, New York, NY 10065 USA",,Weill Cornell Medical College
"Cornell Univ, Weill Med Coll, Dept Med, Greenberg Div Cardiol, New York, NY 10021 USA",,Weill Cornell Medical College
"Cornell Univ, Weill Med Coll, Dept Neurol Surg, New York, NY 10021 USA;",,Weill Cornell Medical College
"Cornell Univ, Weill Med Coll, Dept Pathol, New York, NY 10021 USA;",,Weill Cornell Medical College
"Cornell Univ, Weill Med Coll, Dept Physiol & Biophys, New York, NY 10065 USA;",,Weill Cornell Medical College
"Cornell Univ, Weill Med Coll, Dept Radiol, Ithaca, NY 14853 USA;",,Weill Cornell Medical College
"Cornell Univ, Weill Med Coll, Dept Radiol, New York, NY 10021 USA;",,Weill Cornell Medical College
"Cornell Univ, Weill Med Coll, Dept Radiol, New York, NY 10022 USA",,Weill Cornell Medical College
"Cornell Univ, Weill Med Coll, Dept Radiol, New York, NY 10022 USA;",,Weill Cornell Medical College
"Cornell Univ, Weill Med Coll, Dept Surg Pathol, New York Presbyterian Hosp, New York, NY 10021 USA;",,Weill Cornell Medical College
"Cornell Univ, Weill Med Coll, Dept Urol, New York Presbyterian Hosp, New York, NY 10021 USA;",,Weill Cornell Medical College
"Cornell Univ, Weill Med Coll, Dept Urol, New York, NY 10021 USA;",,Weill Cornell Medical College
"Cornell Univ, Weill Med Coll, Dept Urol, New York, NY 10065 USA;",,Weill Cornell Medical College
"Cornell Univ, Weill Med Coll, Ithaca, NY 14853 USA",,Weill Cornell Medical College
"Cornell Univ, Weill Med Coll, Ithaca, NY USA;",,Weill Cornell Medical College
"Cornell Univ, Weill Med Coll, New York, NY 10021 USA;",,Weill Cornell Medical College
"Cornell Univ, Weill Med Coll, New York, NY 10065 USA",,Weill Cornell Medical College
"Cornell Univ, Weill Med Coll, New York, NY 10065 USA;",,Weill Cornell Medical College
"Cornell Univ, Weill Med Coll, New York, NY USA;",,Weill Cornell Medical College
"Cornell Univ, Wilson Lab, Cornell High Energy Synchrotron Source, Ithaca, NY 14853 USA",,
"Cornell Univ, Wilson Lab, Cornell High Energy Synchrotron Source, Ithaca, NY 14853 USA;",,
"CORNELL UNIV,ATOM & SOLID STATE PHYS LAB,ITHACA,NY 14853",Laboratory of Atomic and Solid State Physics (LASSP),
"CORNELL UNIV,BAKER LAB,DEPT CHEM,BARD HALL,ITHACA,NY 14853",Chemistry and Chemical Biology,COLLEGE OF ARTS AND SCIENCES
"CORNELL UNIV,BAKER LAB,DEPT CHEM,CTR MAT SCI,ITHACA,NY 14853",Chemistry and Chemical Biology,COLLEGE OF ARTS AND SCIENCES
"CORNELL UNIV,BOYCE THOMPSON INST PLANT RES,ITHACA,NY 14853",Boyce Thompson Institute (BTI),
"CORNELL UNIV,CORNELL HIGH ENERGY SYNCHROTRON SOURCE,ITHACA,NY 14853",Cornell High Energy Synchrotron Source (CHESS),
"CORNELL UNIV,CTR APPL MATH,ITHACA,NY 14853",Center for Applied Math (CAM),
"CORNELL UNIV,CTR MAT SCI,ITHACA,NY 14853",,
"CORNELL UNIV,DEPT APPL PHYS,ITHACA,NY 14853",Applied and Engineering Physics,COLLEGE OF ENGINEERING
"CORNELL UNIV,DEPT ASTRON,ITHACA,NY 14853",Astronomy,COLLEGE OF ARTS AND SCIENCES
"CORNELL UNIV,DEPT BIOCHEM CELL & MOLEC BIOL,ITHACA,NY 14853","Biochemistry, Molecular and Cell Biology",
"CORNELL UNIV,DEPT CHEM ENGN,ITHACA,NY 14853",Chemical and Biomolecular Engineering,COLLEGE OF ENGINEERING
"CORNELL UNIV,DEPT ELECT ENGN,ITHACA,NY 14853",Electrical and Computer Engineering,COLLEGE OF ENGINEERING
"CORNELL UNIV,DEPT ENTOMOL,ITHACA,NY 14853",Entomology,COLLEGE OF AGRICULTURE AND LIFE SCIENCES
"CORNELL UNIV,DEPT FOOD SCI & TECHNOL,ITHACA,NY 14853",Food Science,COLLEGE OF AGRICULTURE AND LIFE SCIENCES
"CORNELL UNIV,DEPT FOOD SCI,ITHACA,NY 14853",Food Science,COLLEGE OF AGRICULTURE AND LIFE SCIENCES
"CORNELL UNIV,DEPT GEOL SCI,ITHACA,NY 14853",Earth and Atmospheric Sciences,COLLEGE OF ENGINEERING
"CORNELL UNIV,DEPT MAT SCI & ENGN,BARD HALL,ITHACA,NY 14853",Materials Science and Engineering,COLLEGE OF ENGINEERING
"CORNELL UNIV,DEPT MAT SCI & ENGN,CTR MAT SCI,ITHACA,NY 14853",Materials Science and Engineering,COLLEGE OF ENGINEERING
"CORNELL UNIV,DEPT THEORET & APPL MECH,ITHACA,NY 14853",Mechanical and Aerospace Engineering,COLLEGE OF ENGINEERING
"CORNELL UNIV,DIV ATMOSPHER SCI,ITHACA,NY 14853",Atmospheric Science,Graduate Field
"CORNELL UNIV,DIV BIOL SCI,ITHACA,NY 14853",,
"CORNELL UNIV,INST FOOD SCI & TECHNOL,ITHACA,NY 14853",,
"CORNELL UNIV,INST MATH SCI,ITHACA,NY 14853",,
"CORNELL UNIV,INST STUDY CONTINENTS,ITHACA,NY 14853",Institute for the Study of the Continents (INSTOC),
"CORNELL UNIV,NATL NANOFABRICAT FACIL,ITHACA,NY 14853",,
"CORNELL UNIV,OMVPE FACIL,SCH ELECT ENGN,ITHACA,NY 14853",,
"CORNELL UNIV,PLANETARY STUDIES LAB,ITHACA,NY 14853",,
"CORNELL UNIV,PLASMA STUDIES LAB,ITHACA,NY 14853",Laboratory of Plasma Studies (LPS),
"CORNELL UNIV,SCH APPL & ENGN PHYS,ITHACA,NY 14853",,
"CORNELL UNIV,SCH CHEM ENGN,ITHACA,NY 14853",,
"CORNELL UNIV,SCH CIVIL & ENVIRONM ENGN,ITHACA,NY 14853",,
"CORNELL UNIV,SCH ELECT ENGN,ITHACA,NY 14853",,
"Cornell Weill Med Coll, Lab Bioregenerat Med & Surg, New York, NY 10065 USA;",,
"Dept Radiol, Weill Cornell Med Coll, New York, NY USA;",,Weill Cornell Medical College
"INSTOC, Ithaca, NY 14853 USA;",,
"Ithaca Coll, Dept Phys & Astron, Ithaca, NY 14850 USA;",,
"Kavli Inst Cornell Nanoscale Sci, Ithaca, NY 14853 USA",Kavli Institute at Cornell for Nanoscale Science (KIC),
"Kavli Inst Cornell Nanoscale Sci, Ithaca, NY 14853 USA;",,
"Kavli Inst Cornell Nanoscale Sci, Ithaca, NY USA",,
"Kavli Inst Cornell Nanoscale Sci, Ithaca, NY USA;",,
"Kavli Inst Cornell Nanosci, Ithaca, NY 14853 USA",Kavli Institute at Cornell for Nanoscale Science (KIC),
"Kavli Inst Cornell, Ithaca, NY USA",Kavli Institute at Cornell for Nanoscale Science (KIC),
"Kavli Inst Nanoscale Sci Cornell, Ithaca, NY 14853 USA",Kavli Institute at Cornell for Nanoscale Science (KIC),
"New York Presbyterian Hosp, Cornell Med Ctr, New York, NY USA",,Weill Cornell Medical College
"New York Presbyterian Hosp, Dept Pathol & Lab Med, Weill Cornell Med Coll, New York, NY 10065 USA",,Weill Cornell Medical College
"New York Presbyterian Hosp, Weill Cornell Med Coll, Dept Pathol & Lab Med, New York, NY 10065 USA",,Weill Cornell Medical College
"New York Presbyterian Hosp, Weill Cornell Med Ctr, Dept Med, New York, NY USA",,Weill Cornell Medical College
"NewYork Presbyterian Hosp, Weill Cornell Med Coll, Dept Neurol Surg, Weill Cornell Brain & Spine Inst, New York, NY 10065 USA;",,Weill Cornell Medical College
"Orthogonal Inc, Ithaca, NY 14850 USA;",,
"Qatar Fdn, Weill Cornell Med Coll Qatar, Doha, Qatar",,"Weill Cornell Medical College, Qatar"
"Sch Elect & Comp Engn, Ithaca, NY 14853 USA;",,
"USDA, Plant Soil & Nutr Lab, Ithaca, NY 14853 USA",,
"Weill Cornell Coll Med, Dept Med, New York, NY USA",,Weill Cornell Medical College
"Weill Cornell Grad Sch Med Sci, Grad Program Immunol & Microbial Pathogenesis, New York, NY 10021 USA",,Weill Cornell Medical College
"Weill Cornell Med Coll, Citigrp Biomed Imaging Ctr, New York, NY 10065 USA;",,Weill Cornell Medical College
"Weill Cornell Med Coll, Citigrp Biomed Imaging Ctr, New York, NY USA",,Weill Cornell Medical College
"Weill Cornell Med Coll, Computat Biomed & Canc Ctr, New York, NY 10021 USA",,Weill Cornell Medical College
"Weill Cornell Med Coll, Dept Biochem, New York, NY 10065 USA;",,Weill Cornell Medical College
"Weill Cornell Med Coll, Dept Biostat, New York, NY 10021 USA;",,Weill Cornell Medical College
"Weill Cornell Med Coll, Dept Healthcare Policy & Res, New York, NY 10065 USA;",,Weill Cornell Medical College
"Weill Cornell Med Coll, Dept Healthcare Policy & Res, New York, NY USA;",,Weill Cornell Medical College
"Weill Cornell Med Coll, Dept Med Cardiol, New York, NY 10021 USA;",,Weill Cornell Medical College
"Weill Cornell Med Coll, Dept Med Genet, New York, NY 10021 USA;",,Weill Cornell Medical College
"Weill Cornell Med Coll, Dept Med Genet, New York, NY USA;",,Weill Cornell Medical College
"Weill Cornell Med Coll, Dept Med, Div Cardiol, New York, NY 10021 USA;",,Weill Cornell Medical College
"Weill Cornell Med Coll, Dept Med, Div Hematol & Med Oncol, New York, NY USA;",,Weill Cornell Medical College
"Weill Cornell Med Coll, Dept Med, Div Hematol Med Oncol, New York, NY USA",,Weill Cornell Medical College
"Weill Cornell Med Coll, Dept Med, Div Hematol Oncol, New York, NY USA",,Weill Cornell Medical College
"Weill Cornell Med Coll, Dept Med, Div Nephrol & Hypertens, New York, NY USA;",,
"Weill Cornell Med Coll, Dept Med, New York, NY 10021 USA;",,Weill Cornell Medical College
"Weill Cornell Med Coll, Dept Med, New York, NY 10065 USA;",,Weill Cornell Medical College
"Weill Cornell Med Coll, Dept Med, New York, NY USA",,Weill Cornell Medical College
"Weill Cornell Med Coll, Dept Med, New York, NY USA;",,Weill Cornell Medical College
"Weill Cornell Med Coll, Dept Neurol & Neurosci, New York, NY USA",,Weill Cornell Medical College
"Weill Cornell Med Coll, Dept Neurol Surg, New York, NY 10065 USA",,Weill Cornell Medical College
"Weill Cornell Med Coll, Dept Neurol Surg, New York, NY USA",,Weill Cornell Medical College
"Weill Cornell Med Coll, Dept Neurol Surg, New York, NY USA;",,Weill Cornell Medical College
"Weill Cornell Med Coll, Dept Neurol Surg, Weill Cornell Brain & Spine Ctr, New York, NY USA;",,Weill Cornell Medical College
"Weill Cornell Med Coll, Dept Neurol Surg, Weill Cornell Brain & Spine Inst, NYPH, New York, NY 10065 USA;",,Weill Cornell Medical College
"Weill Cornell Med Coll, Dept Neurosci, New York, NY 10065 USA;",,Weill Cornell Medical College
"Weill Cornell Med Coll, Dept Neurosurg, New York, NY USA;",,
"Weill Cornell Med Coll, Dept Pathol & Lab Med, New York, NY 10065 USA",,Weill Cornell Medical College
"Weill Cornell Med Coll, Dept Pathol & Lab Med, New York, NY 10065 USA;",,Weill Cornell Medical College
"Weill Cornell Med Coll, Dept Pathol & Lab Med, New York, NY USA",,Weill Cornell Medical College
"Weill Cornell Med Coll, Dept Pathol & Lab Med, New York, NY USA;",,Weill Cornell Medical College
"Weill Cornell Med Coll, Dept Pediat Neurol Pediat, New York, NY 10065 USA;",,Weill Cornell Medical College
"Weill Cornell Med Coll, Dept Pharmacol, New York, NY 10065 USA;",,Weill Cornell Medical College
"Weill Cornell Med Coll, Dept Physiol & Biophys, New York, NY 10021 USA;",,Weill Cornell Medical College
"Weill Cornell Med Coll, Dept Physiol & Biophys, New York, NY USA;",,Weill Cornell Medical College
"Weill Cornell Med Coll, Dept Physiol Biophys, New York, NY 10021 USA;",,Weill Cornell Medical College
"Weill Cornell Med Coll, Dept Publ Hlth, New York, NY 10065 USA;",,Weill Cornell Medical College
"Weill Cornell Med Coll, Dept Publ Hlth, New York, NY USA",,Weill Cornell Medical College
"Weill Cornell Med Coll, Dept Publ Hlth, New York, NY USA;",,Weill Cornell Medical College
"Weill Cornell Med Coll, Dept Radiol, New York, NY 10021 USA;",,Weill Cornell Medical College
"Weill Cornell Med Coll, Dept Radiol, New York, NY 10022 USA;",,Weill Cornell Medical College
"Weill Cornell Med Coll, Dept Radiol, New York, NY 10065 USA",,Weill Cornell Medical College
"Weill Cornell Med Coll, Dept Radiol, New York, NY 10065 USA;",,Weill Cornell Medical College
"Weill Cornell Med Coll, Dept Radiol, New York, NY USA",,Weill Cornell Medical College
"Weill Cornell Med Coll, Dept Radiol, New York, NY USA;",,Weill Cornell Medical College
"Weill Cornell Med Coll, Dept Surg, New York, NY 10021 USA;",,Weill Cornell Medical College
"Weill Cornell Med Coll, Dept Surg, New York, NY 10065 USA;",,Weill Cornell Medical College
"Weill Cornell Med Coll, Dept Surg, New York, NY USA",,Weill Cornell Medical College
"Weill Cornell Med Coll, Dept Surg, New York, NY USA;",,Weill Cornell Medical College
"Weill Cornell Med Coll, Dept Urol, James Buchanan Brady Fdn, Lefrak Ctr Robot Surg, New York, NY 10065 USA;",,Weill Cornell Medical College
"Weill Cornell Med Coll, Dept Urol, New York, NY 10065 USA",,Weill Cornell Medical College
"Weill Cornell Med Coll, Dept Urol, New York, NY 10065 USA;",,Weill Cornell Medical College
"Weill Cornell Med Coll, Dept Urol, New York, NY USA",,Weill Cornell Medical College
"Weill Cornell Med Coll, Dept Urol, New York, NY USA;",,Weill Cornell Medical College
"Weill Cornell Med Coll, Div Biostat & Epidemiol, Dept Publ Hlth, New York, NY USA",,Weill Cornell Medical College
"Weill Cornell Med Coll, Div Cardiol, Dept Med, New York, NY USA",,Weill Cornell Medical College
"Weill Cornell Med Coll, Div Cardiol, Dept Med, New York, NY USA;",,Weill Cornell Medical College
"Weill Cornell Med Coll, Div Gen Internal Med, New York, NY 10021 USA",,Weill Cornell Medical College
"Weill Cornell Med Coll, Div Plast Surg, Lab Bioregenerat Med & Surg, New York, NY 10021 USA;",,Weill Cornell Medical College
"Weill Cornell Med Coll, Greenberg Cardiol Div, Dept Med, New York, NY 10021 USA;",,Weill Cornell Medical College
"Weill Cornell Med Coll, HRH Prince Alwaleed Bin Talal Bin Abdulaziz Alsau, New York, NY 10021 USA;",,Weill Cornell Medical College
"Weill Cornell Med Coll, HRH Prince Alwaleed Bin Talal Bin Abdulaziz Alsau, New York, NY USA;",,Weill Cornell Medical College
"Weill Cornell Med Coll, Inst Computat Biomed, Dept Physiol & Biophys, New York, NY 10065 USA;",,Weill Cornell Medical College
"Weill Cornell Med Coll, James Buchanan Brady Fdn, Prostate Canc Inst, New York, NY 10065 USA;",,Weill Cornell Medical College
"Weill Cornell Med Coll, Lab Bioregenerat Med & Surg, Dept Surg, New York, NY USA;",,Weill Cornell Medical College
"Weill Cornell Med Coll, Lab Bioregenerat Med & Surg, Div Plast & Reconstruct Surg, New York, NY USA;",,Weill Cornell Medical College
"Weill Cornell Med Coll, New York Presbyterian Hosp, Dept Pathol & Lab Med, New York, NY 10065 USA",,Weill Cornell Medical College
"Weill Cornell Med Coll, New York, NY 10021 USA",,Weill Cornell Medical College
"Weill Cornell Med Coll, New York, NY 10065 USA",,Weill Cornell Medical College
"Weill Cornell Med Coll, New York, NY 10065 USA;",,Weill Cornell Medical College
"Weill Cornell Med Coll, New York, NY USA;",,Weill Cornell Medical College
"Weill Cornell Med Coll, Sch Elect & Comp Engn, New York, NY USA;",,Weill Cornell Medical College
"Weill Cornell Med Coll, Weill Cornell Canc Ctr, New York, NY USA;",,Weill Cornell Medical College
"Weill Cornell Med Hosp, NewYork Presbyterian Hosp, Dept Neurol Surg, New York, NY USA",,Weill Cornell Medical College
"Weill Cornell Med Sch, Dept Med, New York, NY 10065 USA;",,Weill Cornell Medical College
"Cornell Univ, Dept Earth & Atmospher Sci, Ithaca, NY 14883 USA",,
"Cornell Univ, Biogeochem & Environm Biocomplex Program, Dept Earth & Atmospher Sci, Ithaca, NY 14853 USA",,
"Cornell Univ, Autonomous Syst Lab, Ithaca, NY 14850 USA;",,
"Ithaca Coll, Dept Modern Languages & Literatures, Ithaca, NY 14850 USA;",,
"Cornell Univ, Weill Med Coll, Dept Med, New York, NY 10065 USA;",,
"Cornell Univ, Sch Chem & Biomol Engineeering, Ithaca, NY 14853 USA",,
"CORNELL UNIV,ITHACA,NY",,
"Adv BioSci Inc, Ithaca, NY 14850 USA",,
"Cornell Univ, Johnson Grad Sch Management, Ithaca, NY 14853 USA",Samuel Curtis Johnson Graduate School of Management,College of Business
"CORNELL UNIV, CTR MAT SCI, ITHACA, NY 14853 USA",,
"Paleontol Res Inst, Ithaca, NY 14850 USA;",,
"CORNELL UNIV, SCH ELECT ENGN, ITHACA, NY 14853 USA",,
"Cornell Univ, Sch Operat Res & Informat Engn, 288 Rhodes Hall, Ithaca, NY 14853 USA",,
"Cornell Univ, Robert Frederick Smith Sch Chem & Biomol Engn, Ithaca, NY 14850 USA;",,
"Cornell Univ, Sch Civil & Env Eng, Ithaca, NY 14853 USA;",,
"Cornell Univ, Sch Operat Res & Informat Engn, Dept Stat Sci, Ithaca, NY 14853 USA",,
"CORNELL UNIV,ITHACA,NY 14850",,
"Kamakura Corp, Ithaca, NY USA;",,
"Cornell Univ, Sch Chem & Biomol Engn, Dept Biomed Engn, Ithaca, NY 14853 USA",,
"Cornell Univ, Sch Operat Res & Informat Engn ORIE, Ithaca, NY 14853 USA;",,
"CORNELL UNIV,ITHACA,NY 14853",,
"Kionix Inc, Ithaca, NY 14850 USA;",,
"CorSolutions, Ithaca, NY 14850 USA;",,
"Warren D.,Cornell Univ",,
"Cornell Univ, Chem & Biomol Engn Dept, Ithaca, NY 14850 USA",,
"Cornell Univ, Sch Elect Engn, Engn & Theory Ctr, Ithaca, NY 14853 USA",,
"Cornell Tech, New York, NY 10011 USA",,
"CORNELL UNIV,SCH OR IE,ITHACA,NY 14853",,
"Cornell Univ, Dept Mech Engn, Ithaca, NY 14850 USA",,
"CORNELL UNIV,DEPT THEORET & APPL MECH,ITHACA,NY",,
"Hybrid Silica Technologies Inc, Ithaca, NY USA;",,
"Cornell Univ, Dept Mech & Aerosp Engn, Autonomous Syst Lab, Ithaca, NY 14853 USA;",,
"Cornell Univ, Dept Biol & Environm Engn, Atkinson Ctr Sustainable Future, Ithaca, NY 14853 USA",,
"Cornell Univ, DeFrees Hydraul Lab, Ithaca, NY 14853 USA;",,
"Cornell Univ, DeFrees Hydraul Lab, Sch Civil & Environm Engn, Ithaca, NY 14853 USA",,
"Boyce Thompson Inst Plant Res, Ithaca, NY 14853 USA;",,
"CORNELL UNIV,DEPT IND ENGN & OPERAT RES,ITHACA,NY 14853",,
"Cornell Univ, Dept Phys, Wilson Lab, Ithaca, NY 14853 USA",,
"Cornell Univ, Inst Study Continents, Dept Earth & Atmospher Sci, Ithaca, NY 14853 USA;",,
"Cornell Univ, Meinig Sch Biomed Engn, 205 Weill Hall, Ithaca, NY 14853 USA",,
"MP,Cornell Univ",,
"Cornell Univ, Biomed Engn, Ithaca, NY USA;",,
"Dept Chem & Chem Engn, Ithaca, NY 14853 USA;",,
"Cornell Univ, Weill Cornell Med Coll, New York, NY 10021 USA;",,
"ARS, USDA, Biol IPM Res Unit, Ithaca, NY 14853 USA;",,
"Cornell Univ, Dept Biochem, Weill Med Coll, New York, NY 10021 USA;",,
"CORNELL UNIV,SCH CIVIL & ENVIRONM ENGN,ITHACA,NY",,
"Cornell Univ, Dept Civil & Environm Engn, DeFrees Hydraul Lab, Ithaca, NY 14853 USA",,
"Cornell Univ, Field Biophys, Ithaca, NY 14853 USA",,
"Cornell Univ, Coll Vet Med, Dept Biomed Engn, Coll Engn, Ithaca, NY 14853 USA",,
"Taitem Engn PC, Ithaca, NY 14850 USA;",,
"CORNELL UNIV,CTR RADIOPHYS & SPACE RES,ITHACA,NY 14853",,
"Cornell Univ, Sibley Sch Mech & Aerosp Engn, Dept Biomed Engn, Ithaca, NY 14853 USA;",,
"CORNELL UNIV,INST STUDY CONTINENTS,SNEE HALL,ITHACA,NY 14853",,
"CORNELL UNIV,SCH OPERAT RES IND ENGN,ITHACA,NY 14853",,
"Cornell Univ, Sch Engn & Appl Phys, Ithaca, NY 14853 USA",,
"Cornell Univ, Dept Biomed Engn, New York, NY 10021 USA",,
"Cornell Univ, Johnson Grad Sch Business, Ithaca, NY 14853 USA",Samuel Curtis Johnson Graduate School of Management,College of Business
"Appl Pulsed Power Inc, Ithaca, NY 13068 USA",,
"Cornell Univ, Sibley Sch Mech & Aerosp Engn, Ithaca, NY 14853 USA; Cornell Univ & Ithaca, Ithaca, NY 14853 USA",,
"Cornell Univ, Meinig Sch Biomed Engn, 526 N Campus Rd,Weill Hall, Ithaca, NY 14853 USA",,
"Cornell Univ, Sch ECE, Ithaca, NY 14853 USA",,
"Cornell Univ, Sch ORIE, Ithaca, NY 14853 USA",,
"Cornell Univ, Dept Phys, Phys Sci Bldg, Ithaca, NY 14853 USA",,
"CorSolut,LLC, Ithaca, NY 14850 USA;",,
"CORNELL UNIV,SCH ENVIRONM & CIVIL ENGN,MOLLISTER HALL,ITHACA,NY 14853",,
"Cornell Univ, Sch Elect & Comp Engn, Ithaca, NY 14853 USA; Sandia Natl Labs, Albuquerque, NM 87123 USA",,
"Cornell Univ, DeFrees Hydraul Lab, Sch Civil & Environm Engn, Ithaca, NY 14853 USA;",,
"Cornell Univ, Dept ECE & MSE, Ithaca, NY 14853 USA",,
"Cornell Univ, Sch Appl Engn Phys, Ithaca, NY 14853 USA",,
"Cornell Univ, Dept Mat Sci & Engn, 214 Bard Hall, Ithaca, NY 14853 USA;",,
"CORNELL UNIV,DEPT MECH ENGN,ITHACA,NY 14853",,
"Cornell Univ, Dept Earth Atm Sci, INSTOC, Ithaca, NY 14853 USA",,
"Cornell Univ, Dept Mat Sci, Ithaca, NY 14853 USA;",,
"WOTN, Ithaca, NY 14850 USA;",,
"Weill Cornell Med Coll, Div Cardiol, Dept Med, Dept Radiol, New York, NY 10021 USA",,
"Cornell Energy Inst, Sch Chem & Biomol Engn, Ithaca, NY 14853 USA",,
"Cornell Univ, Weill Med Coll, Weill Cornell Canc Ctr, New York, NY 10065 USA;",,
"Cornell Univ, MacCHESS Macromol Diffract Facil CHESS, Ithaca, NY 14853 USA;",,
"Cornell Univ, Dept MSE, Ithaca, NY 14853 USA",,
"Cornell Univ, Dept Econ, Ithaca, NY 14853 USA;",,
"Cornell Univ, Dept Operat Res & Syst Engn, Sch OR& IE, Ithaca, NY 14853 USA",,
"Cornell Univ, Sch Chem & Biomol Engn, Ithaca, NY 14853 USA; Natl Univ Singapore, Singapore MIT Alliance, Singapore 117576, Singapore; Natl Univ Singapore, Dept Chem & Biomol Engn, Singapore 119260, Singapore",,
"Weill Cornell Med Coll, Dept Radiol, Cornell Cardiovasc Magnet Resonance Imaging Lab, New York, NY USA",,
"Cornell Univ, Kavli Inst Cornell Nanoscale Sci, Ithaca, NY USA;",,
"Chicago Ctr Plast & Reconstruct Surg, Craniofacial Biol & Tissue Engn Lab, Chicago, IL 60657 USA; Tufts Univ, Sch Med, Dept Gen Surg, Caritas St Elizabeths Med Ctr, Medford, MA 02155 USA; Cornell Univ, Dept Biomed Engn & Mech & Aerosp Engn, Ithaca, NY 14853 USA; Univ Massachusetts, Sch Med, Ctr Tissue Engn & Myom, Amherst, MA 01003 USA",,
"Cornell Univ, Sibley Sch ofMechan & Aerosp Engn, Ithaca, NY 14853 USA",,
"Super Pulse Inc, Ithaca, NY 14850 USA",,
"CORNELL UNIV,DEPT ENVIRONM ENGN,ITHACA,NY 14853",,
"Cornell Univ, Kavli Inst, Ithaca, NY 14853 USA;",,
"Cornell Univ, Paleontol Res Inst, 1259 Trumansburg Rd, Ithaca, NY 14850 USA;",,
"Weill Cornell Med Coll, Div Plast Surg, Lab Bioregenerat Med & Surg, New York, NY USA;",,
"CORNELL UNIV,SCH ELECT ENGN,ITHACA,NY 14850",,
"Cornell Univ, Sch Civil & Environm Engn, DrFrees Hydraul Lab, Ithaca, NY 14853 USA",,
"ECE Cornell Univ, Ithaca, NY 14853 USA",,
"Cornell Univ, Sibley Sch Mech & Aerosp Engn, Ithaca, NY 14853 USA; Cornell Univ, Cornell High Energy Synchrotron Source, Ithaca, NY 14853 USA",,
"CorSolut LLC, Ithaca, NY USA;",,
"Cornell Univ, Sch Appl & Engn Phys, Ithaca, NY 14853 USA; Cornell Univ, Dept Chem & Chem Biol, Ithaca, NY 14853 USA",,
"Cornell Univ, Dept Biomed Engn, Ithaca, NY 14853 USA; Weill Cornell Med Coll, Dept Radiol, New York, NY 10022 USA",,
"Cornell Univ, Johnson Grad Sch Management, Ithaca, NY 14853 USA;",Samuel Curtis Johnson Graduate School of Management,College of Business
"Cornell Univ, Sibley Sch Mech & Aerosp Engn, Ithaca, NY 14856 USA;",,
"Cornell Univ, Elect & Comp Engn Dept, Ithaca, NY 14853 USA",,
"Cornell Univ, Mech & Aerosp Engn, Ithaca, NY USA;",,
"Cornell Univ, Weill Med Coll, Dept Pathol & Lab Med, New York, NY 10065 USA;",,
"Cornell Univ, Dept Astron, Ithaca, NY 14850 USA;",,
"Cornell Univ, Meinig Sch Biomed Engn, Ithaca, NY USA",,
"Cornell Univ, Weill Med Coll, Dept Microbiol & Immunol, New York, NY 10065 USA;",,
"M. M.,Cornell Univ",,
"CORNELL UNIV,DEPT GEOL SCI,ITHACA,NY 14850",,
"Cornell Univ, Dept Earth & Atmospher Sci, 1259 Trumansburg Rd, Ithaca, NY 14850 USA",,
"Cornell Univ, Cornell Inst Publ Affairs, Ithaca, NY 14853 USA;",,
"Cornell Univ, Sch Civil & Environm Engn, 265 Hollister Hall, Ithaca, NY 14853 USA",,
"USDA ARS, Plant Soil & Nutr Lab, Ithaca, NY 14853 USA",,
"DA,Cornell Univ",,
"CORNELL UNIV,DEPT MAT SCI & ENGN,ITHACA,NY 14853",,
"Cornell Univ, Appl & Engn Phys Dept, Ithaca, NY 14853 USA",,
"Weill Cornell Med Coll, Dept Pathol, New York, NY 10065 USA;",,
"Cornell Univ, SonicMEMS Lab, Sch Elect & Comp Engn, Ithaca, NY 14853 USA",,
"Cornell Univ, Weill Med Coll, Dept Biochem, New York, NY 10065 USA;",,
"Cornell Univ, Johnson Sch Management, Ithaca, NY 14853 USA",Samuel Curtis Johnson Graduate School of Management,College of Business
"Cornell Univ, Dept Biomed Engn, Ithaca, NY 14853 USA; Cornell Univ, Sibley Sch Mech & Aerosp Engn, Ithaca, NY 14853 USA",,
"Cornell Univ, Mat Sci & Engn Dept, Ithaca, NY 14853 USA",,
"Cornell Univ, Deparment Operat Res & Informat Engn, Ithaca, NY 14850 USA;",,
"Cornell Univ, Sch Civil & Environm Engn, 273 Hollister Hall, Ithaca, NY 14853 USA",,
"Cornell Univ, Ctr Anim Resources & Educ, Ithaca, NY USA",,
"Cornell Univ, Meinig Sch Biomed Engn, Ithaca, NY 14850 USA",,
"Donald L.,Cornell Univ",,
"Cornell Univ, Dept Civil & Environm Engn, Sch Civil & Environm Engn, Ithaca, NY 14853 USA;",,
"Cornell Univ, Ctr Nanoscale Syst, Educ Programs, Ithaca, NY 14853 USA",,
"CORNELL UNIV,SCH OPERAT RES & IND ENGN,ITHACA,NY 14853",,
"Cornell Univ, Sch Civil & Environm Engn, DeFrees Hydraul Lab, Ithaca, NY 14850 USA",,
"Cornell Univ, Weill Med Coll, Grad Program Physiol Biophys & Syst Biol, New York, NY 10021 USA;",,
"Cornell Univ, Johnson Sch Management, Ithaca, NY 14853 USA;",Samuel Curtis Johnson Graduate School of Management,College of Business
"Cornell Univ, JGSM, Ithaca, NY 14853 USA",,
"Cornell Univ, Meinig Sch Biomed Engn, Ithaca, NY 14853 USA;",,
"CORNELL UNIV,SIBLEY SCH MECH & AEROSP ENGN,ITHACA,NY 14853",,
"USDA ARS, Plant Protect Res Unit, Ithaca, NY 14853 USA",,
"Cornell Univ, Sch Appl Phys, Ithaca, NY 14583 USA",,
"Cornell Univ, Grad Sch Management, Ithaca, NY 14853 USA",,
"Cornell Univ, Sch Operat Res & Informat, Ithaca, NY 14853 USA;",,
"Cornell Univ, DRBIO, Dept Biomed Engn, Ithaca, NY USA",,
"Cornell Univ, Sch Law, John M Olin Program Law & Econ, Ithaca, NY 14853 USA",,
"CORNELL UNIV,DEPT CIVIL & ENVIRONM ENGN,ITHACA,NY 14853",,
"Craig J.,Cornell Univ",,
"Cornell Univ, Operat Res & Informat Engn, Ithaca, NY 14853 USA",,
"Cornell Univ, Chem & Biomol Engn, Ithaca, NY USA",,
"Cornell Univ, Weill Med Coll, Dept Surg, New York, NY 10065 USA;",,
"Cornell Univ, Sch Chem Engn, Ctr Appl Math, Ithaca, NY 14853 USA",,
"Cornell Univ, Meinig Sch Biomed Engn, 219 Upson Hall, Ithaca, NY 14853 USA;",,
"Cornell Univ, Sch Civil & Environm Engn, Hollister Hall,220 Hollister Hall, Ithaca, NY 14853 USA",,
"Cornell Univ, Sch Elect Engn, Ithaca, NY 14850 USA",,
"Cornell Univ, Sch Chem & Biomol Engn, Ithaca, NY 14583 USA",,
"Cornell Univ, Sch Civil & Environm Engn, Ithaca, NY 14853 USA; Natl Cent Univ, Inst Hydrol & Ocean Sci, Jhongli, Taiwan",,
"Cornell Univ, Dept Mech & Aerosp Engn, Field Theoret & Appl Mech, Ithaca, NY 14853 USA;",,
"Cornell Univ, Dept Earth & Ocean Sci, Ithaca, NY 14853 USA;",,
"Cornell Univ, Cornell High Energy Synchrotron Source CHESS, Ithaca, NY 14853 USA;",,
"Rheonix Inc, Ithaca, NY 14850 USA",,
"Cornell Univ, SonicMEMS Lab, Sch Elect & Comp Engn, Ithaca, NY 14850 USA",,
"Cornell Univ, Dept Ind Engn & Operat Res, Ithaca, NY 14850 USA",,
"Cornell Univ, Dept Polymer Chem, Ithaca, NY 14853 USA",,
"Cornell Univ, Dept Biomed Engn, Weill Inst Cell & Mol Biol, Ithaca, NY USA;",,
"Cornell Univ, Weill Med Coll, Grad Program Physiol Biophys & Syst Biol, New York, NY 10021 USA",,
"CORNELL UNIV, DEPT ASTRON, ITHACA, NY 14853 USA",,
"Cornell Univ, Dept Mech & Aerosp Engn, Ithaca, NY USA",,
"Cornell Univ, Dept Chem & Biomol Engn, Cornell Energy Inst, Ithaca, NY 14853 USA; Cornell Univ, Atkinson Ctr Sustainable Future, Ithaca, NY 14853 USA",,
"Cornell Univ, Sch Operat Res, Ithaca, NY 14853 USA",,
"Cornell Univ, Sibley Sch Mech & Aerosp Engn, Field Theoret & Appl Mech, Ithaca, NY 14850 USA;",,
"New York Presbyterian Hosp, Weill Cornell Med Coll, Dept Neurol Surg, New York, NY 10065 USA;",,
"R. V. E.,Cornell Univ",,
"CORNELL UNIV,SPEECH COMMUN SECT,ITHACA,NY 14853",,
"Cornell Univ, Sch Appl Engn & Phys, Ithaca, NY 14853 USA",,
"Cornell Univ, Hosp Special Surg, Weill Med Coll, New York, NY 10021 USA",,
"NASA, DAVANNE, Ithaca, NY 14853 USA;",,
"Cornell Univ, Ithaca, NY 14850 USA;",,
"ARS, Plant Soil & Nutr Lab, USDA, Ithaca, NY 14853 USA;",,
"Cornell Univ, Autonomous Syst Lab, Ithaca, NY 14850 USA",,
"Cornell Univ, Sch Chem & Chem Biol, Ithaca, NY USA;",,
"Glycobia Inc, Ithaca, NY USA",,
"Cornell Univ & Int Collaborat Turbulence Res, Sibley Sch Mech & Aerosp Engn, Ithaca, NY 14853 USA",,
"ARS, US Plant Soil & Nutr Lab, USDA, Ithaca, NY 14853 USA",,
"MacCHESS Macromol Diffract Facil CHESS, Ithaca, NY USA;",,
"Glycobia Inc, Ithaca, NY USA;",,
"Cornell Univ, Biomed Mech Labs, Sibley Sch Mech & Aerosp Engn & Biomed Engn, Ithaca, NY 14853 USA;",,
"Cornell Univ, Sch Civil & Environm Engn, Engn, 213 Hollister Hall, Ithaca, NY 14853 USA",,
"CORNELL UNIV, SCH CHEM ENGN, ITHACA, NY 14850 USA",,
"Cornell Univ, Sch Elect & Comp Engn, SonicMEMS Lab, Ithaca, NY 14853 USA",,
"Cornell Univ, Dept Chem Engn & Biomol Engn, Ithaca, NY 14853 USA;",,
"SW Fdn Biomed Res, Dept Genet, San Antonio, TX USA; Cornell Univ, Sibley Sch Mech & Aerosp Engn, Ithaca, NY 14853 USA;",,
"CORNELL UNIV,DEPT BIOL SCI,ITHACA,NY 14853",,
"Cornell Univ, JCSM Sage Hall, Ithaca, NY 14882 USA;",,
"Cornell Univ, Dept Biomed Sci, Coll Engn, Ithaca, NY USA;",,
"ARS, Robert W Holley Ctr Agr & Hlth, USDA, Ithaca, NY 14853 USA",,
"Cornell Univ, Dept Elect & Comp Engn, SonicMEMS Lab, Ithaca, NY 14853 USA",,
"RVE,Cornell Univ",,
"Cornell Univ, Dept Biomed Engn, Sch Elect & Comp Engn, Ithaca, NY 14853 USA",,
"CORNELL UNIV,DEPT APPL MATH,ITHACA,NY 14853",,
"Cornell Univ, DeFrees Hydraul Lab, Ithaca, NY 14853 USA",,
"Cornell Univ, Dept ECE, Ithaca, NY 14853 USA;",,
"Cornell Univ, Sch EECS, Ithaca, NY USA;",,
"CORNELL UNIV,SCH OR&IE,ITHACA,NY 14853",,
"Cornell Univ, Sch Civil & Env Eng, Ithaca, NY 14850 USA",,
"Cornell Univ, Grad Program Physiol Biophys & Syst Biol, Weill Med Coll, New York, NY 10021 USA",,
"Cornell Univ, Autonomous Syst Lab, Ithaca, NY 14853 USA",,
"Cornell Univ, Sch Civil & Environm Engn, 215A Hollister Hall, Ithaca, NY 14853 USA;",,
"Vybion, Ithaca, NY USA;",,
"Cornell Univ, Sch Elect & Comp Engn, New York, NY 10021 USA",,
"Cornell Univ, Coll Engn, Dept Astron, Ithaca, NY 14853 USA;",,
"USDA ARS, US Plant Soil & Nutr Lab, Ithaca, NY 14853 USA",,
"Cornell Uinvers, Appl & Engn Phys, Ithaca, NY USA;",,
"Cornell Univ, Inst Study Continents, INSTOC, Ithaca, NY 14853 USA",,
"Cornell Univ, Dept Mech & Aerosp Engn, Thurston Hall, Ithaca, NY 14853 USA;",,
"Weill Cornell Med Coll, Div Plast Surg, New York, NY 10065 USA; Cornell Univ, Sch Chem & Biomol Engn, Ithaca, NY 14853 USA; Cornell Univ, Sibley Sch Mech & Aerosp Engn, Ithaca, NY 14853 USA; Cornell Univ, Dept Biomed Engn, Ithaca, NY 14853 USA",,
"Cornell Univ, Dept Mat Sci, Ithaca, NY 14853 USA",,
"Cornell Univ, Sch ECE, Ithaca, NY 14853 USA;",,
"Cornell Univ, Dept Microbiol & Immunol, Coll Engn, Ithaca, NY 14850 USA;",,
"Cornell Univ, Dept Earth Atm Sci, Ithaca, NY 14853 USA",,
"Lab Atom & Solid State Phys, Ithaca, NY 14853 USA;",,
"CORNELL UNIV,SCH CHEM ENGN,CTR APPL MATH,OLIN HALL,ITHACA,NY 14853",,
"Cornell Univ, Ithaca, NY 14853 USA; N Carolina State Univ, Raleigh, NC 27695 USA",,
"Cornell Univ, Sch Civil & Environm Engn, 266A Hollister Hall, Ithaca, NY 14853 USA;",,
"Cornell Univ, Sch Appl Phys, Ithaca, NY 14853 USA",,
"Cornell Univ, Coll Engn, Sch Operat Res & Informat Engn, Ithaca, NY 14853 USA",,
"Cornell Univ, Johnonson Grad Sch Management, Ithaca, NY 14853 USA;",,
"Innovat Interface, Ithaca, NY 14850 USA;",,
"Cornell Univ, Appl & Engn Phys, Ithaca, NY 14853 USA;",,
"Cornell Univ, Dept Operat Res & Informat Engn, Ithaca, NY 14850 USA",,
"Cornell Univ, Dept Biol Stat & Computat Biol, Ithaca, NY USA;",,
"Cornell Univ, Sch OR & IE, Ithaca, NY USA;",,
"Cornell Univ, Sibley Sch Mech & Aerosp Engn, 219 Upson Hall, Ithaca, NY 14853 USA;",,
"Cornell, Ithaca, NY USA",,
"Cornell Univ, Dept Informat Syst, Ithaca, NY 14853 USA",,
"Cornell Univ, Chem & Biomol Engn Dept, Ithaca, NY 14853 USA",,
"Cornell, Kavli Inst, Ithaca, NY 14853 USA",,
"Cornell Univ, Inst Study Continents, Dept Earth & Atmospher Sci, Ithaca, NY 14853 USA",,
"Cornell Univ, Sch Elect & Comp Engn, Ithaca, NY 14853 USA; Princeton Univ, Dept Elect Engn, Princeton, NJ 08544 USA",,